# Created by FreeCAD <http://www.freecadweb.org>
v 7.296506 -36.692966 0.500000
v 8.514620 -35.476959 0.500000
v 8.514620 -35.476959 1.000000
v 7.296506 -36.692966 1.000000
v 6.324892 -35.727196 0.500000
v 5.392566 -34.723518 0.500000
v 3.909492 -32.914867 0.500000
v 2.769804 -31.239882 0.500000
v 1.947016 -29.716267 0.500000
v 1.029239 -26.120234 0.500000
v 1.405360 -28.343626 0.500000
v 1.132001 -27.245932 0.500000
v 1.029240 -20.506203 0.500000
v 15.999998 -42.962337 1.000000
v 15.999998 -42.962337 0.000000
v 15.260092 -42.572731 1.000000
v 13.764388 -41.703697 0.000000
v 14.514069 -42.152603 1.000000
v 13.734939 -41.685524 1.000000
v 12.942796 -41.181595 1.000000
v 11.518011 -40.201790 0.000000
v 12.142940 -40.643219 1.000000
v 11.341071 -40.073448 1.000000
v 10.543138 -39.475895 1.000000
v 9.154169 -38.358936 0.000000
v 9.833358 -38.917732 1.000000
v 9.136038 -38.343678 1.000000
v 8.455268 -37.757084 1.000000
v 7.869088 -37.229717 1.000000
v 7.159270 -36.560928 0.000000
v 5.394211 -34.725368 0.000000
v 3.924014 -32.934235 0.000000
v 2.774636 -31.247803 0.000000
v 1.940135 -29.701513 0.000000
v 1.394559 -28.309425 0.000000
v 1.122868 -27.192978 0.000000
v 1.029239 -26.120234 0.000000
v 17.865017 -41.910923 1.000000
v 19.727621 -40.669075 1.000000
v 20.989883 -30.487076 1.000000
v 24.227337 -36.962704 1.000000
v 21.906021 -38.995846 1.000000
v 11.381945 -40.095016 1.000000
v 10.815524 -39.675224 1.000000
v 8.001699 -37.343979 1.000000
v 7.301169 -36.690411 1.000000
v 8.718463 -37.979927 1.000000
v 9.475924 -38.619247 1.000000
v 10.256423 -39.245579 1.000000
v 1.029239 -5.535439 1.000000
v 1.029240 -20.506203 1.000000
v 1.029239 -5.535439 0.000000
v 4.761098 -35.246090 0.000000
v 6.717828 -37.214886 0.000000
v 8.988346 -39.187218 0.000000
v 3.161567 -33.357559 0.000000
v 11.477942 -41.058769 0.000000
v 1.922523 -31.596481 0.000000
v 13.747661 -42.535645 0.000000
v 1.021943 -29.985332 0.000000
v 16.000000 -43.789474 0.000000
v 0.425399 -28.528395 0.000000
v 0.109168 -27.295216 0.000000
v 0.000000 -26.106907 0.000000
v 18.391722 -42.451046 0.000000
v 17.865017 -41.910923 0.000000
v 19.727621 -40.669075 0.000000
v 20.798811 -40.864109 0.000000
v 21.906021 -38.995846 0.000000
v 23.054428 -39.152580 0.000000
v 24.227337 -36.962704 0.000000
v 25.173744 -37.315845 0.000000
v 26.107744 -35.093243 0.000000
v 27.056599 -35.442902 0.000000
v 0.000000 -6.398148 0.000000
v 27.774689 -33.171108 0.000000
v 28.638821 -33.612099 0.000000
v 0.509550 -5.954788 0.000000
v 0.918158 -5.416970 0.000000
v 1.208706 -4.807224 0.000000
v 29.038111 -31.425402 0.000000
v 29.894957 -31.880430 0.000000
v 4.650217 -4.760341 0.000000
v 29.948507 -29.848698 0.000000
v 4.583811 -4.072606 0.000000
v 30.830366 -30.281687 0.000000
v 30.547186 -28.437580 0.000000
v 31.469709 -28.829988 0.000000
v 7.743419 -3.991212 0.000000
v 30.861818 -27.256960 0.000000
v 31.846458 -27.525003 0.000000
v 7.958917 -3.194899 0.000000
v 30.970758 -26.120234 0.000000
v 31.961023 -26.807238 0.000000
v 32.000000 -26.106907 0.000000
v 10.489840 -3.175107 0.000000
v 10.911841 -2.239217 0.000000
v 12.965134 -2.269320 0.000000
v 13.455921 -1.227151 0.000000
v 14.480927 -1.610794 0.000000
v 16.000000 0.000000 0.000000
v 15.999998 -0.857075 0.000000
v 18.482809 -1.200278 0.000000
v 18.435408 -2.026988 0.000000
v 20.965618 -2.194827 0.000000
v 20.863176 -2.979459 0.000000
v 24.000000 -3.182964 0.000000
v 23.694893 -3.873033 0.000000
v 27.200001 -4.021627 0.000000
v 27.326279 -4.775409 0.000000
v 30.970758 -5.535439 0.000000
v 32.000000 -5.052633 0.000000
v 30.970758 -26.120234 1.000000
v 30.861818 -27.256960 1.000000
v 30.547186 -28.437580 1.000000
v 29.948507 -29.848698 1.000000
v 29.038111 -31.425402 1.000000
v 27.774689 -33.171108 1.000000
v 26.107744 -35.093243 1.000000
v 30.970760 -20.506199 1.000000
v 30.970760 -20.506199 0.500000
v 11.381945 -40.095016 0.500000
v 9.513083 -38.649792 0.500000
v 8.385881 -37.688759 0.500000
v 7.301169 -36.690411 0.500000
v 4.650217 -4.760341 1.000000
v 7.743419 -3.991212 1.000000
v 12.257585 -13.020544 1.000000
v 4.771930 -20.506199 1.000000
v 10.385965 -24.248888 1.000000
v 8.514620 -27.991579 1.000000
v 14.930710 -18.367388 1.000000
v 11.321638 -22.377544 1.000000
v 14.128757 -16.763306 1.000000
v 5.707603 -22.377544 1.000000
v 6.643275 -24.248888 1.000000
v 32.000000 -5.052633 3.000000
v 27.200001 -4.021627 3.000000
v 24.000000 -3.182964 3.000000
v 20.965618 -2.194827 3.000000
v 18.482809 -1.200278 3.000000
v 16.000000 0.000000 3.000000
v 32.000000 -25.279251 2.500000
v 32.000000 -25.094362 2.500000
v 32.000000 -26.106907 3.000000
v 32.000000 -25.279251 2.000000
v 32.000000 -25.094362 2.000000
v 16.000000 -43.789474 3.000000
v 18.391722 -42.451046 3.000000
v 20.798811 -40.864109 3.000000
v 23.054428 -39.152580 3.000000
v 25.173744 -37.315845 3.000000
v 27.056599 -35.442902 3.000000
v 28.638821 -33.612099 3.000000
v 29.894957 -31.880430 3.000000
v 30.830366 -30.281687 3.000000
v 31.469709 -28.829988 3.000000
v 31.846458 -27.525003 3.000000
v 31.961023 -26.807238 3.000000
v 0.000000 -26.106907 3.000000
v 0.109168 -27.295216 3.000000
v 0.425399 -28.528395 3.000000
v 1.021943 -29.985332 3.000000
v 1.922523 -31.596481 3.000000
v 3.161567 -33.357559 3.000000
v 4.761098 -35.246090 3.000000
v 6.717828 -37.214886 3.000000
v 8.988346 -39.187218 3.000000
v 11.477942 -41.058769 3.000000
v 13.747661 -42.535645 3.000000
v -0.000001 -25.094362 1.400000
v 0.000000 -6.398148 3.000000
v -0.000000 -25.282578 1.400000
v -0.000001 -25.094362 0.500000
v -0.000000 -25.282560 0.500000
v 0.000000 -5.052633 0.000000
v 13.455921 -1.227151 3.000000
v 10.911841 -2.239217 3.000000
v 7.958917 -3.194899 3.000000
v 4.583811 -4.072606 3.000000
v 1.208706 -4.807224 3.000000
v 30.970758 -5.535439 1.000000
v 15.999998 -0.857075 1.000000
v 18.435408 -2.026988 1.000000
v 20.863176 -2.979459 1.000000
v 23.694893 -3.873033 1.000000
v 27.326279 -4.775409 1.000000
v 10.489840 -3.175107 1.000000
v 12.965134 -2.269320 1.000000
v 14.480927 -1.610794 1.000000
v 12.257310 -35.476959 0.500000
v 12.725145 -34.541286 0.500000
v 16.000000 -27.991579 0.500000
v 27.228071 -20.506199 0.500000
v 20.678362 -18.634853 0.500000
v 26.292398 -18.634853 0.500000
v 23.485380 -5.535439 1.000000
v 19.742691 -5.535439 1.000000
v 15.999998 -20.506203 1.000000
v 4.771930 -20.506199 0.500000
v 19.742691 -5.535439 0.500000
v 5.707603 -22.377544 0.500000
v 11.321638 -22.377544 0.500000
v 15.064327 -22.377544 1.000000
v 12.257310 -27.991579 1.000000
v 8.514620 -27.991579 0.500000
v 10.385965 -24.248888 0.500000
v 6.643275 -24.248888 0.500000
v 5.892253 -35.093243 3.000000
v 7.772661 -36.962704 3.000000
v 4.225310 -33.171108 3.000000
v 10.093978 -38.995846 3.000000
v 2.961887 -31.425402 3.000000
v 12.272378 -40.669075 3.000000
v 2.051491 -29.848698 3.000000
v 14.134980 -41.910923 3.000000
v 1.452812 -28.437580 3.000000
v 16.000000 -42.962337 3.000000
v 1.138179 -27.256960 3.000000
v 1.029240 -26.120234 3.000000
v 18.235609 -41.703697 3.000000
v 20.481987 -40.201790 3.000000
v 22.845829 -38.358936 3.000000
v 24.840727 -36.560928 3.000000
v 26.605787 -34.725368 3.000000
v 28.075985 -32.934235 3.000000
v 0.918158 -5.416970 3.000000
v 0.509550 -5.954788 3.000000
v 1.029240 -5.535439 3.000000
v 29.225363 -31.247803 3.000000
v 4.673719 -4.775409 3.000000
v 30.059864 -29.701513 3.000000
v 30.605438 -28.309425 3.000000
v 30.877131 -27.192978 3.000000
v 8.305105 -3.873033 3.000000
v 30.970758 -26.120234 3.000000
v 11.136821 -2.979459 3.000000
v 13.564590 -2.026988 3.000000
v 16.000000 -0.857075 3.000000
v 17.519070 -1.610794 3.000000
v 19.034864 -2.269320 3.000000
v 21.510159 -3.175107 3.000000
v 24.256578 -3.991212 3.000000
v 27.349781 -4.760341 3.000000
v 30.970758 -5.535439 3.000000
v 1.303771 -2.908893 3.000000
v 1.400000 -3.700000 3.000000
v 1.400000 -3.700000 0.000000
v 1.303771 -2.908893 0.000000
v 1.020696 -2.163923 0.000000
v 1.020696 -2.163923 3.000000
v 0.567285 -1.508538 3.000000
v 0.567285 -1.508538 0.000000
v -0.030020 -0.980961 3.000000
v -0.030020 -0.980961 0.000000
v -0.736383 -0.611959 3.000000
v -0.736383 -0.611959 0.000000
v -1.510609 -0.423054 3.000000
v -1.510609 -0.423054 0.000000
v -2.307544 -0.425262 3.000000
v -2.307544 -0.425262 0.000000
v -3.080712 -0.618455 0.000000
v -3.080712 -0.618455 3.000000
v -3.785019 -0.991365 3.000000
v -3.785019 -0.991365 0.000000
v -4.379391 -1.522244 3.000000
v -4.379391 -1.522244 0.000000
v -4.829164 -2.180132 3.000000
v -4.829164 -2.180132 0.000000
v -5.108106 -2.926658 3.000000
v -5.108106 -2.926658 0.000000
v -5.199949 -3.718287 3.000000
v -5.199949 -3.718287 0.000000
v -5.099338 -4.508849 3.000000
v -5.099338 -4.508849 0.000000
v -4.812140 -5.252238 0.000000
v -4.812140 -5.252238 3.000000
v -4.355103 -5.905100 3.000000
v -4.355103 -5.905100 0.000000
v -3.754884 -6.429360 3.000000
v -3.754884 -6.429360 0.000000
v -3.046487 -6.794442 0.000000
v -3.046487 -6.794442 3.000000
v -2.271226 -6.979053 3.000000
v -2.271226 -6.979053 0.000000
v -1.474315 -6.972429 0.000000
v -1.474315 -6.972429 3.000000
v -0.702230 -6.774955 0.000000
v -0.702230 -6.774955 3.000000
v -0.000001 -25.279251 0.500000
v -0.000001 -25.279251 1.400000
v -3.247319 -4.893621 0.000000
v -2.922517 -5.181371 0.000000
v -3.493821 -4.536502 0.000000
v -2.538289 -5.383029 0.000000
v -3.647695 -4.130768 0.000000
v -2.116966 -5.486876 0.000000
v -3.700000 -3.700000 0.000000
v -1.683034 -5.486876 0.000000
v -3.647695 -3.269232 0.000000
v -1.261711 -5.383029 0.000000
v -3.493821 -2.863498 0.000000
v -0.877483 -5.181371 0.000000
v -3.247319 -2.506379 0.000000
v -0.552681 -4.893621 0.000000
v -0.306179 -4.536502 0.000000
v -2.922517 -2.218629 0.000000
v -0.152305 -4.130768 0.000000
v -2.538289 -2.016971 0.000000
v 1.314518 -4.446240 0.000000
v -2.116966 -1.913124 0.000000
v 1.378560 -4.075560 0.000000
v -0.100000 -3.700000 0.000000
v -0.152305 -3.269232 0.000000
v -1.683034 -1.913124 0.000000
v -0.306179 -2.863498 0.000000
v -1.261711 -2.016971 0.000000
v -0.552681 -2.506379 0.000000
v -0.877483 -2.218629 0.000000
v 1.314518 -4.446240 3.000000
v 1.378560 -4.075560 3.000000
v 27.228071 -20.506199 1.000000
v 26.292398 -18.634853 1.000000
v 20.678362 -18.634853 1.000000
v 17.871241 -24.249100 1.000000
v 16.000000 -27.991579 1.000000
v 12.725146 -34.541286 1.000000
v 12.725145 -34.541286 1.000000
v 12.257310 -35.476959 1.000000
v 25.356726 -16.763510 1.000000
v 21.614035 -16.763510 1.000000
v 23.485380 -13.020819 1.000000
v 0.000000 -5.052633 3.000000
v 13.564590 -2.026988 2.000000
v 16.000000 -0.857075 2.000000
v 11.136821 -2.979459 2.000000
v 8.305105 -3.873033 2.000000
v 4.673719 -4.775409 2.000000
v 1.029240 -5.535439 2.000000
v 21.510159 -3.175107 2.000000
v 24.256578 -3.991212 2.000000
v 19.034864 -2.269320 2.000000
v 17.519070 -1.610794 2.000000
v 1.029240 -20.506199 2.500000
v 1.029240 -20.506199 2.000000
v 1.029240 -26.120234 2.000000
v 27.349781 -4.760341 2.000000
v 30.970758 -5.535439 2.000000
v 1.138179 -27.256960 2.000000
v 1.452812 -28.437580 2.000000
v 2.051491 -29.848698 2.000000
v 2.961887 -31.425402 2.000000
v 4.225310 -33.171108 2.000000
v 5.892253 -35.093243 2.000000
v 7.772661 -36.962704 2.000000
v 30.970758 -20.506199 2.500000
v 30.970758 -26.120234 2.500000
v 30.970758 -20.506199 2.000000
v 10.093978 -38.995846 2.000000
v 12.272378 -40.669075 2.000000
v 14.134980 -41.910923 2.000000
v 16.000000 -42.962337 2.000000
v 18.235609 -41.703697 2.000000
v 20.481987 -40.201790 2.000000
v 22.652317 -38.520687 2.000000
v 24.703493 -36.692966 2.500000
v 24.703493 -36.692966 2.000000
v 25.675106 -35.727196 2.500000
v 26.607433 -34.723518 2.500000
v 28.090506 -32.914867 2.500000
v 29.230194 -31.239882 2.500000
v 30.052982 -29.716267 2.500000
v 30.594639 -28.343626 2.500000
v 30.867996 -27.245932 2.500000
v -3.247319 -4.893621 3.000000
v -2.922517 -5.181371 3.000000
v -3.493821 -4.536502 3.000000
v -2.538289 -5.383029 3.000000
v -3.647695 -4.130768 3.000000
v -2.116966 -5.486876 3.000000
v -3.700000 -3.700000 3.000000
v -1.683034 -5.486876 3.000000
v -3.647695 -3.269232 3.000000
v -1.261711 -5.383029 3.000000
v -3.493821 -2.863498 3.000000
v -0.877483 -5.181371 3.000000
v -3.247319 -2.506379 3.000000
v -0.552681 -4.893621 3.000000
v -0.306179 -4.536502 3.000000
v -2.922517 -2.218629 3.000000
v -0.152305 -4.130768 3.000000
v -2.538289 -2.016971 3.000000
v -2.116966 -1.913124 3.000000
v -0.100000 -3.700000 3.000000
v -0.152305 -3.269232 3.000000
v -1.683034 -1.913124 3.000000
v -0.306179 -2.863498 3.000000
v -1.261711 -2.016971 3.000000
v -0.552681 -2.506379 3.000000
v -0.877483 -2.218629 3.000000
v -0.100000 -3.700000 3.000000
v -0.100000 -3.700000 0.000000
v 25.356726 -16.763510 0.500000
v 23.485380 -13.020819 0.500000
v 21.614035 -16.763510 0.500000
v 8.514620 -5.535439 2.000000
v 12.257310 -5.535439 2.000000
v 17.069290 -18.367386 2.000000
v 19.742414 -13.020543 2.000000
v 16.000000 -20.506201 2.000000
v 11.010116 -30.487076 2.000000
v 27.228071 -20.506199 2.000000
v 23.485380 -35.476959 2.500000
v 27.228071 -20.506199 2.500000
v 12.257310 -5.535439 2.500000
v 23.485380 -35.476959 2.000000
v 16.935673 -22.377544 2.000000
v 16.935673 -22.377544 2.500000
v 8.514620 -5.535439 2.500000
v 20.618055 -40.095016 2.500000
v 20.618055 -40.095016 2.000000
v 22.486917 -38.649792 2.000000
v 22.486917 -38.649792 2.500000
v 23.614119 -37.688759 2.500000
v 23.614119 -37.688759 2.000000
v 24.698830 -36.690411 2.000000
v 24.698830 -36.690411 2.500000
v 23.485380 -5.535439 0.500000
v 8.514620 -35.476959 0.000000
v 23.485380 -5.535439 0.000000
v 30.970760 -20.506199 0.000000
v 1.029241 -20.506199 0.000000
v 1.029241 -20.506199 1.000000
v 10.385965 -24.248888 0.000000
v 8.514620 -27.991579 0.000000
v 11.321638 -22.377544 0.000000
v 5.707603 -22.377544 0.000000
v 6.643275 -24.248888 0.000000
v 19.742691 -5.535439 0.000000
v 14.128757 -16.763306 0.000000
v 4.771930 -20.506199 0.000000
v 28.410444 -5.010409 0.000000
v 25.858397 -4.435955 0.000000
v 22.983425 -3.667320 0.000000
v 20.442276 -2.827936 0.000000
v 18.224457 -1.934699 0.000000
v 28.410444 -5.010409 1.000000
v 25.858397 -4.435955 1.000000
v 22.983425 -3.667320 1.000000
v 20.442276 -2.827936 1.000000
v 18.224457 -1.934699 1.000000
v 12.257585 -13.020544 1.000000
v 14.128757 -16.763306 0.500000
v 12.257585 -13.020544 0.500000
v 13.775541 -1.934699 2.000000
v 13.775541 -1.934699 3.000000
v 11.557722 -2.827936 2.000000
v 11.557722 -2.827936 3.000000
v 9.016573 -3.667320 2.000000
v 9.016573 -3.667320 3.000000
v 6.141601 -4.435955 2.000000
v 6.141601 -4.435955 3.000000
v 3.589554 -5.010409 3.000000
v 3.589554 -5.010409 2.000000
v 1.029240 -20.506199 2.000000
v 17.069290 -18.367386 2.000000
v 19.742414 -13.020543 2.000000
v 16.000000 -20.506201 2.000000
v 1.120316 -27.156445 3.000000
v 1.384263 -28.230013 3.000000
v 16.000000 -20.506201 3.000000
v 1.880613 -29.494473 3.000000
v 2.630348 -30.896257 3.000000
v 3.666219 -32.440716 3.000000
v 5.016049 -34.122734 3.000000
v 6.338480 -35.560352 3.000000
v 7.772661 -36.962704 3.000000
v 8.514620 -5.535439 3.000000
v 12.257310 -5.535439 3.000000
v 17.871243 -16.763304 3.000000
v 7.772661 -36.962704 2.000000
v 11.010116 -30.487076 2.500000
v 11.010116 -30.487076 2.000000
v 16.000000 -20.506201 2.500000
v 17.069290 -18.367386 2.500000
v 19.742414 -13.020543 2.500000
v 1.120316 -27.156445 2.000000
v 1.384263 -28.230013 2.000000
v 1.880613 -29.494473 2.000000
v 2.630348 -30.896257 2.000000
v 3.666219 -32.440716 2.000000
v 5.016049 -34.122734 2.000000
v 6.338480 -35.560352 2.000000
v 20.678362 -22.377544 3.000000
v 20.678362 -22.377544 4.000000
v 12.257310 -5.535439 4.000000
v 8.514620 -5.535439 4.000000
v 23.485380 -35.476959 4.000000
v 23.485380 -35.476959 3.000000
v 23.485380 -27.991579 3.000000
v 21.614035 -24.248888 3.000000
v 26.292398 -22.377544 3.000000
v 25.356726 -24.248888 3.000000
v 27.228071 -20.506199 3.000000
v 30.970758 -20.506199 3.000000
v 26.292398 -22.377544 4.000000
v 21.614035 -24.248888 4.000000
v 23.485380 -27.991579 4.000000
v 25.356726 -24.248888 4.000000
v 30.970758 -20.506199 4.000000
v 27.228071 -20.506199 4.000000
v 27.228071 -20.506199 0.000000
v 30.879683 -27.156445 0.000000
v 30.615736 -28.230013 0.000000
v 30.119385 -29.494473 0.000000
v 17.871241 -24.249100 0.000000
v 29.369650 -30.896257 0.000000
v 28.333778 -32.440716 0.000000
v 26.983950 -34.122734 0.000000
v 25.661518 -35.560352 0.000000
v 20.678362 -18.634853 0.000000
v 26.292398 -18.634853 0.000000
v 30.879683 -27.156445 1.000000
v 30.615736 -28.230013 1.000000
v 30.119385 -29.494473 1.000000
v 29.369650 -30.896257 1.000000
v 28.333778 -32.440716 1.000000
v 26.983950 -34.122734 1.000000
v 25.661518 -35.560352 1.000000
v 20.989883 -30.487076 1.000000
v 20.989883 -30.487076 0.500000
v 17.871241 -24.249100 0.500000
v 23.485380 -13.020819 0.000000
v 25.356726 -16.763510 0.000000
v 21.614035 -16.763510 0.000000
v 19.742691 -35.476959 3.000000
v 19.742691 -35.476959 4.000000
v 19.274855 -34.541286 3.000000
v 19.274855 -34.541286 4.000000
v 19.742691 -27.991579 3.000000
v 19.742691 -27.991579 4.000000
v 18.081884 -41.797897 3.000000
v 14.089836 -41.883003 3.000000
v 12.182858 -40.604893 3.000000
v 20.177053 -40.419483 3.000000
v 22.391109 -38.735790 3.000000
v 9.931569 -38.861954 3.000000
v 16.000000 -27.991579 3.000000
v 24.289610 -37.083168 3.000000
v 14.128759 -24.249098 3.000000
v 26.009392 -35.376877 3.000000
v 27.488701 -33.686821 3.000000
v 19.742689 -27.991579 3.000000
v 28.695377 -32.068748 3.000000
v 29.624147 -30.559818 3.000000
v 30.289021 -29.179514 3.000000
v 30.714880 -27.933231 3.000000
v 30.905458 -27.010988 3.000000
v 16.000000 -20.506201 3.000000
v 5.707602 -18.634853 4.000000
v 1.029240 -20.506199 4.000000
v 4.771930 -20.506199 4.000000
v 19.274855 -34.541286 4.000000
v 6.643275 -16.763510 4.000000
v 16.000000 -27.991579 4.000000
v 11.321638 -18.634853 4.000000
v 10.385965 -16.763510 4.000000
v 8.514620 -13.020819 4.000000
v 19.274855 -34.541286 3.000000
v 19.742689 -27.991579 4.000000
v 30.970758 -20.506199 2.000000
v 16.689169 -42.600319 2.000000
v 17.383795 -42.211704 2.000000
v 18.107697 -41.782158 2.000000
v 18.843710 -41.320274 2.000000
v 19.587627 -40.827892 2.000000
v 20.334913 -40.307335 2.000000
v 21.080801 -39.761383 2.000000
v 21.820433 -39.193192 2.000000
v 22.476688 -38.665722 2.000000
v 23.120472 -38.125786 2.000000
v 23.748573 -37.576118 2.000000
v 24.230778 -37.137691 2.000000
v 24.703493 -36.692966 2.000000
v 25.985651 -35.402092 2.500000
v 27.195189 -34.043137 2.500000
v 28.473124 -32.389240 2.500000
v 29.456257 -30.858490 2.500000
v 30.168722 -29.461512 2.500000
v 30.640276 -28.195932 2.500000
v 30.881010 -27.169754 2.500000
v 9.931569 -38.861954 2.000000
v 12.182858 -40.604893 2.000000
v 14.089836 -41.883003 2.000000
v 19.742414 -13.020543 2.500000
v 19.742414 -13.020543 2.000000
v 17.069290 -18.367386 2.500000
v 16.000000 -20.506201 2.500000
v 17.069290 -18.367386 2.000000
v 16.000000 -20.506201 2.000000
v 11.010116 -30.487076 2.500000
v 11.321638 -18.634853 3.000000
v 1.029240 -20.506199 3.000000
v 5.707602 -18.634853 3.000000
v 4.771930 -20.506199 3.000000
v 6.643275 -16.763510 3.000000
v 8.514620 -13.020819 3.000000
v 10.385965 -16.763510 3.000000
v 21.955498 -39.078640 2.000000
v 24.046656 -37.299919 2.000000
v 23.380327 -37.894127 2.000000
v 22.678232 -38.491726 2.000000
v 21.291996 -39.593796 2.000000
v 12.725146 -34.541286 0.000000
v 12.257310 -35.476959 0.000000
v 12.257310 -27.991579 0.000000
v 17.871241 -24.249100 0.000000
v 16.000000 -27.991579 0.000000
v 13.918114 -41.797897 0.000000
v 17.910162 -41.883003 0.000000
v 19.817141 -40.604893 0.000000
v 11.822945 -40.419483 0.000000
v 9.608890 -38.735790 0.000000
v 12.725145 -34.541286 0.000000
v 22.068430 -38.861954 0.000000
v 24.227337 -36.962704 0.000000
v 7.710388 -37.083168 0.000000
v 5.990606 -35.376877 0.000000
v 4.511297 -33.686821 0.000000
v 3.304621 -32.068748 0.000000
v 1.285118 -27.933231 0.000000
v 1.094540 -27.010988 0.000000
v 1.710978 -29.179514 0.000000
v 2.375852 -30.559818 0.000000
v 12.257311 -27.991579 0.000000
v 12.257311 -27.991579 1.000000
v 15.310829 -42.600319 1.000000
v 14.616204 -42.211704 1.000000
v 13.892303 -41.782158 1.000000
v 13.156288 -41.320274 1.000000
v 12.412370 -40.827892 1.000000
v 11.665086 -40.307335 1.000000
v 10.919197 -39.761383 1.000000
v 10.179564 -39.193192 1.000000
v 9.523310 -38.665722 1.000000
v 8.879525 -38.125786 1.000000
v 8.251425 -37.576118 1.000000
v 7.769221 -37.137691 1.000000
v 6.014348 -35.402092 0.500000
v 4.804810 -34.043137 0.500000
v 3.526875 -32.389240 0.500000
v 2.543740 -30.858490 0.500000
v 1.831276 -29.461512 0.500000
v 1.359722 -28.195932 0.500000
v 1.118988 -27.169754 0.500000
v 24.227337 -36.962704 1.000000
v 22.068430 -38.861954 1.000000
v 19.817141 -40.604893 1.000000
v 17.910162 -41.883003 1.000000
v 20.989883 -30.487076 1.000000
v 10.044503 -39.078640 1.000000
v 7.953344 -37.299919 1.000000
v 8.619673 -37.894127 1.000000
v 9.321768 -38.491726 1.000000
v 10.708005 -39.593796 1.000000
v 12.257585 -13.020544 0.500000
v 14.128757 -16.763306 0.000000
v 14.128757 -16.763306 0.500000
vn 0.706495 -0.707718 0.000000
vn 0.706495 -0.707718 0.000000
vn 0.000000 0.000000 -1.000000
vn 0.000000 0.000000 -1.000000
vn 0.000000 0.000000 -1.000000
vn 0.000000 0.000000 -1.000000
vn 0.000000 0.000000 -1.000000
vn 0.000000 0.000000 -1.000000
vn 0.000000 0.000000 -1.000000
vn 0.000000 0.000000 -1.000000
vn 0.000000 -0.000000 -1.000000
vn 0.465917 0.884828 0.000000
vn 0.490563 0.871095 0.023274
vn 0.514173 0.857687 -0.000445
vn 0.536753 0.843739 0.000474
vn 0.490454 0.871150 0.023485
vn 0.558301 0.829459 0.017249
vn 0.579221 0.815168 -0.002133
vn 0.555665 0.831099 0.022612
vn 0.599421 0.800427 0.003333
vn 0.618033 0.785913 0.019404
vn 0.635569 0.772044 -0.000257
vn 0.652763 0.757562 0.000276
vn 0.614614 0.788370 0.026897
vn 0.668694 0.743269 0.020013
vn 0.683911 0.729565 0.000000
vn 0.669344 0.742640 0.021558
vn 0.680855 0.732389 0.006531
vn 0.704957 0.709223 -0.006202
vn 0.732670 0.680584 -0.000107
vn 0.720016 0.692361 0.047044
vn 0.773270 0.634073 -0.002102
vn 0.772957 0.634458 0.000196
vn 0.826766 0.562545 -0.000923
vn 0.826331 0.563181 0.002184
vn 0.879896 0.475165 0.000975
vn 0.880022 0.474930 0.001902
vn 0.930194 0.367063 -0.001971
vn 0.931040 0.364885 0.004847
vn 0.970354 0.241647 -0.004432
vn 0.971617 0.236446 0.007294
vn 0.995823 0.090906 -0.008562
vn 0.996213 0.086949 0.000000
vn 0.000000 0.000000 -1.000000
vn 0.000000 0.000000 -1.000000
vn 0.000000 0.000000 -1.000000
vn 0.000000 0.000000 -1.000000
vn 0.000000 0.000000 -1.000000
vn 0.000000 0.000000 -1.000000
vn 0.000000 0.000000 -1.000000
vn 0.000000 -0.000000 -1.000000
vn 0.000000 0.000000 -1.000000
vn 0.000000 0.000000 -1.000000
vn 0.000000 0.000000 -1.000000
vn 0.000000 0.000000 -1.000000
vn 0.000000 0.000000 -1.000000
vn 0.000000 0.000000 -1.000000
vn 0.000000 0.000000 -1.000000
vn 0.000000 0.000000 -1.000000
vn 0.000000 0.000000 -1.000000
vn 0.000000 0.000000 -1.000000
vn 0.000000 0.000000 -1.000000
vn 0.000000 0.000000 -1.000000
vn 0.000000 0.000000 -1.000000
vn 0.000000 0.000000 -1.000000
vn 0.000000 0.000000 -1.000000
vn 0.000000 0.000000 -1.000000
vn 1.000000 -0.000000 0.000000
vn 1.000000 0.000000 -0.000000
vn 1.000000 0.000000 0.000000
vn 1.000000 0.000000 -0.000002
vn 0.894427 0.447214 -0.000000
vn 0.894427 0.447214 0.000000
vn 0.000000 0.000000 -1.000000
vn 0.000000 0.000000 -1.000000
vn 0.000000 0.000000 -1.000000
vn 0.000000 -0.000000 -1.000000
vn 0.000000 0.000000 -1.000000
vn 0.000000 0.000000 -1.000000
vn 0.000000 0.000000 -1.000000
vn 0.000000 -0.000000 -1.000000
vn 0.000000 0.000000 -1.000000
vn 0.000000 0.000000 -1.000000
vn 0.000000 -0.000000 -1.000000
vn 0.000000 0.000000 -1.000000
vn 0.000000 0.000000 -1.000000
vn 0.000000 0.000000 -1.000000
vn 0.000000 -0.000000 -1.000000
vn 0.000000 0.000000 -1.000000
vn 0.000000 0.000000 -1.000000
vn 0.000000 0.000000 -1.000000
vn 0.000000 0.000000 -1.000000
vn 0.000000 0.000000 -1.000000
vn 0.000000 0.000000 -1.000000
vn 0.000000 0.000000 -1.000000
vn 0.000000 0.000000 -1.000000
vn 0.000000 0.000000 -1.000000
vn 0.000000 0.000000 -1.000000
vn 0.000000 -0.000000 -1.000000
vn 0.000000 0.000000 -1.000000
vn 0.000000 -0.000000 -1.000000
vn 0.000000 0.000000 -1.000000
vn 0.000000 -0.000000 -1.000000
vn 0.000000 0.000000 -1.000000
vn 0.000000 -0.000000 -1.000000
vn 0.000000 0.000000 -1.000000
vn 0.000000 0.000000 -1.000000
vn 0.000000 -0.000000 -1.000000
vn 0.000000 0.000000 -1.000000
vn 0.000000 0.000000 -1.000000
vn 0.000000 0.000000 -1.000000
vn 0.000000 -0.000000 -1.000000
vn 0.000000 -0.000000 -1.000000
vn 0.000000 0.000000 -1.000000
vn 0.000000 0.000000 -1.000000
vn 0.000000 -0.000000 -1.000000
vn 0.000000 -0.000000 -1.000000
vn 0.000000 0.000000 -1.000000
vn 0.000000 0.000000 -1.000000
vn 0.000000 -0.000000 -1.000000
vn 0.000000 0.000000 -1.000000
vn 0.000000 0.000000 -1.000000
vn 0.000000 -0.000000 -1.000000
vn 0.000000 0.000000 -1.000000
vn 0.000000 0.000000 -1.000000
vn 0.000000 -0.000000 -1.000000
vn 0.000000 0.000000 -1.000000
vn 0.000000 -0.000000 -1.000000
vn 0.000000 0.000000 -1.000000
vn 0.000000 -0.000000 -1.000000
vn 0.000000 0.000000 -1.000000
vn 0.000000 0.000000 -1.000000
vn 0.000000 -0.000000 -1.000000
vn 0.000000 0.000000 -1.000000
vn 0.000000 -0.000000 -1.000000
vn 0.000000 0.000000 -1.000000
vn 0.000000 0.000000 -1.000000
vn 0.000000 -0.000000 -1.000000
vn 0.000000 -0.000000 -1.000000
vn 0.000000 0.000000 -1.000000
vn 0.000000 0.000000 -1.000000
vn 0.000000 0.000000 -1.000000
vn 0.000000 0.000000 -1.000000
vn 0.000000 0.000000 -1.000000
vn 0.000000 -0.000000 -1.000000
vn 0.000000 -0.000000 -1.000000
vn -0.658870 0.752257 0.000000
vn -0.658870 0.752257 0.000000
vn -0.609147 0.793057 0.000000
vn -0.609147 0.793057 0.000000
vn -0.554735 0.832027 0.000000
vn -0.554735 0.832027 0.000000
vn -0.491092 0.871108 0.000000
vn -0.491092 0.871108 0.000000
vn 0.000000 0.000000 -1.000000
vn 0.000000 0.000000 -1.000000
vn 0.000000 0.000000 -1.000000
vn 0.000000 0.000000 -1.000000
vn 0.000000 0.000000 -1.000000
vn 0.000000 0.000000 -1.000000
vn 0.000000 0.000000 -1.000000
vn 0.000000 0.000000 -1.000000
vn 0.707107 -0.707107 0.000000
vn 0.707107 -0.707107 0.000000
vn 0.707107 -0.707107 0.000001
vn -0.595430 -0.803407 0.000000
vn -0.609142 -0.792681 -0.024538
vn -0.625871 -0.779925 0.001132
vn -0.611404 -0.790625 -0.033125
vn -0.644995 -0.764185 -0.001251
vn -0.648745 -0.760917 -0.011588
vn -0.663667 -0.748005 0.005856
vn -0.682173 -0.731191 0.000000
vn -0.677151 -0.735729 -0.012969
vn -0.707107 0.707106 0.000000
vn -0.707107 0.707106 0.000000
vn 0.209316 -0.977848 0.000000
vn 0.209316 -0.977848 0.000000
vn 0.241304 -0.970450 0.000000
vn 0.241304 -0.970450 0.000000
vn 0.000000 0.000000 -1.000000
vn 0.000000 0.000000 -1.000000
vn 0.000000 0.000000 -1.000000
vn 0.000000 0.000000 -1.000000
vn 0.000000 0.000000 -1.000000
vn 0.000000 0.000000 -1.000000
vn 0.000000 0.000000 -1.000000
vn 0.000000 -0.000000 -1.000000
vn 0.000000 0.000000 -1.000000
vn 0.000000 0.000000 -1.000000
vn 0.000000 0.000000 -1.000000
vn 0.000000 0.000000 -1.000000
vn 0.000000 0.000000 -1.000000
vn 0.000000 0.000000 -1.000000
vn 0.210003 0.977701 -0.000000
vn 0.210003 0.977701 0.000000
vn 0.253520 0.967330 -0.000000
vn 0.253520 0.967330 0.000000
vn 0.309642 0.950853 0.000000
vn 0.309642 0.950853 -0.000000
vn 0.371850 0.928293 0.000000
vn 0.371850 0.928293 -0.000000
vn 0.435243 0.900313 0.000000
vn 0.435243 0.900313 -0.000000
vn 1.000000 0.000000 -0.000000
vn 1.000000 0.000000 0.000000
vn 1.000000 -0.000000 0.000000
vn 1.000000 0.000000 0.000000
vn 1.000000 0.000000 0.000000
vn 1.000000 0.000000 -0.000000
vn 1.000000 0.000000 0.000000
vn 1.000000 -0.000000 0.000000
vn 0.488343 -0.872651 0.000000
vn 0.488343 -0.872651 0.000000
vn 0.550421 -0.834887 0.000000
vn 0.550421 -0.834887 0.000000
vn 0.604470 -0.796628 0.000000
vn 0.604470 -0.796628 0.000000
vn 0.654929 -0.755690 0.000000
vn 0.654929 -0.755690 0.000000
vn 0.705238 -0.708970 0.000000
vn 0.705238 -0.708970 0.000000
vn 0.756603 -0.653874 0.000000
vn 0.756603 -0.653874 0.000000
vn 0.809460 -0.587175 0.000000
vn 0.809460 -0.587175 0.000000
vn 0.863118 -0.505002 0.000000
vn 0.863118 -0.505002 0.000000
vn 0.915176 -0.403053 0.000000
vn 0.915176 -0.403053 0.000000
vn 0.960763 -0.277372 0.000000
vn 0.960763 -0.277372 0.000000
vn 0.987500 -0.157618 0.000000
vn 0.998455 -0.055569 0.000000
vn 0.987500 -0.157618 0.000000
vn 0.998455 -0.055569 0.000000
vn -0.995807 -0.091483 0.000000
vn -0.995807 -0.091483 0.000000
vn -0.968658 -0.248398 0.000000
vn -0.968658 -0.248398 0.000000
vn -0.925430 -0.378918 0.000000
vn -0.872890 -0.487917 -0.000000
vn -0.925430 -0.378918 0.000000
vn -0.872890 -0.487917 0.000000
vn -0.817857 -0.575421 0.000000
vn -0.817857 -0.575421 0.000000
vn -0.763079 -0.646306 0.000000
vn -0.763079 -0.646306 0.000000
vn -0.709277 -0.704930 0.000000
vn -0.709277 -0.704930 0.000000
vn -0.655794 -0.754940 0.000000
vn -0.655794 -0.754940 0.000000
vn -0.600895 -0.799328 0.000000
vn -0.600895 -0.799328 0.000000
vn -0.545393 -0.838181 0.000000
vn -0.486393 -0.873740 -0.000000
vn -0.545393 -0.838181 0.000000
vn -0.486393 -0.873740 0.000000
vn -1.000000 0.000000 0.000000
vn -1.000000 0.000000 0.000001
vn -1.000000 -0.000005 -0.000002
vn -1.000000 0.000000 0.000000
vn -1.000000 -0.000000 0.000000
vn -1.000000 -0.000005 0.000008
vn -1.000000 -0.000000 0.000000
vn -1.000000 0.000000 -0.000002
vn 0.000000 0.000000 -1.000000
vn 0.000000 0.000000 -1.000000
vn 0.000000 0.000000 -1.000000
vn -0.434455 0.900694 0.000000
vn -0.434455 0.900694 0.000000
vn -0.369638 0.929176 0.000000
vn -0.369638 0.929176 0.000000
vn -0.307915 0.951414 0.000000
vn -0.307915 0.951414 0.000000
vn -0.251682 0.967810 0.000000
vn -0.251682 0.967810 0.000000
vn -0.212678 0.977122 0.000000
vn -0.212678 0.977122 0.000000
vn -0.995439 0.095400 0.000000
vn -0.995439 0.095400 0.000000
vn -0.966276 0.257510 0.000000
vn -0.966276 0.257510 0.000000
vn -0.920577 0.390562 0.000000
vn -0.920577 0.390562 0.000000
vn -0.866005 0.500035 0.000000
vn -0.866005 0.500035 0.000000
vn -0.810099 0.586294 0.000000
vn -0.810099 0.586294 0.000000
vn -0.755476 0.655176 0.000000
vn -0.755476 0.655176 0.000000
vn -0.705040 0.709168 0.000000
vn -0.705040 0.709168 0.000000
vn -1.000000 -0.000000 0.000000
vn -1.000000 -0.000000 0.000000
vn -1.000000 0.000000 0.000000
vn -1.000000 0.000000 0.000000
vn -1.000000 0.000000 0.000004
vn -0.433007 -0.901391 0.000000
vn -0.433007 -0.901391 0.000000
vn -0.365222 -0.930920 0.000000
vn -0.365222 -0.930920 0.000000
vn -0.300931 -0.953646 0.000000
vn -0.300931 -0.953646 0.000000
vn -0.241159 -0.970486 0.000000
vn -0.241159 -0.970486 0.000000
vn -0.204151 -0.978939 0.000000
vn -0.204151 -0.978939 0.000000
vn 0.284842 -0.958574 0.000000
vn 0.284842 -0.958574 0.000000
vn 0.343646 -0.939099 0.000000
vn 0.343646 -0.939099 0.000000
vn 0.398464 -0.917184 0.000000
vn 0.398464 -0.917184 0.000000
vn 0.444468 -0.895795 0.000000
vn 0.444468 -0.895795 0.000000
vn 0.000000 0.000000 -1.000000
vn 0.000000 -0.000000 -1.000000
vn 0.000000 0.000000 -1.000000
vn 0.000000 0.000000 -1.000000
vn 0.000000 -0.000000 -1.000000
vn 0.000000 -0.000000 -1.000000
vn 0.000000 0.000000 -1.000000
vn 0.000000 0.000000 -1.000000
vn 0.000000 0.000000 -1.000000
vn 0.000000 -0.000000 -1.000000
vn 0.000000 0.000000 -1.000000
vn 0.000000 0.000000 -1.000000
vn 0.000000 -0.000000 -1.000000
vn 0.000000 -0.000000 -1.000000
vn 0.000000 0.000000 -1.000000
vn 0.000000 -0.000000 -1.000000
vn 0.000000 0.000000 -1.000000
vn 0.000000 0.000000 -1.000000
vn 0.000000 0.000000 -1.000000
vn 0.000000 -0.000000 -1.000000
vn 0.000000 0.000000 -1.000000
vn 0.000000 0.000000 -1.000000
vn 0.000000 0.000000 -1.000000
vn 0.000000 0.000000 -1.000000
vn -0.707107 0.707107 0.000000
vn -0.707107 0.707107 0.000000
vn -0.707107 0.707107 -0.000001
vn 0.000000 -1.000000 0.000000
vn 0.000000 -1.000000 0.000000
vn -0.894427 -0.447214 0.000000
vn -0.894427 -0.447214 0.000000
vn 0.000000 0.000000 -1.000000
vn 0.000000 -0.000000 -1.000000
vn 0.000000 0.000000 -1.000000
vn 0.000000 0.000000 -1.000000
vn 0.894427 -0.447214 0.000000
vn 0.894427 -0.447214 0.000000
vn 0.894427 -0.447214 0.000000
vn 0.894427 -0.447214 0.000000
vn 0.894427 -0.447214 0.000000
vn -0.894427 -0.447214 0.000000
vn -0.894427 -0.447214 0.000000
vn 0.000000 1.000000 -0.000000
vn 0.000000 1.000000 0.000000
vn 0.000000 0.000000 1.000000
vn 0.000000 0.000000 1.000000
vn 0.000000 0.000000 1.000000
vn 0.000000 0.000000 1.000000
vn 0.000000 0.000000 1.000000
vn 0.000000 0.000000 1.000000
vn 0.000000 0.000000 1.000000
vn 0.000000 0.000000 1.000000
vn 0.000000 0.000000 1.000000
vn 0.000000 0.000000 1.000000
vn 0.000000 0.000000 1.000000
vn 0.000000 0.000000 1.000000
vn 0.000000 0.000000 1.000000
vn 0.000000 0.000000 1.000000
vn 0.000000 0.000000 1.000000
vn 0.000000 0.000000 1.000000
vn 0.000000 0.000000 1.000000
vn 0.000000 0.000000 1.000000
vn 0.000000 0.000000 1.000000
vn 0.000000 0.000000 1.000000
vn 0.000000 0.000000 1.000000
vn 0.000000 0.000000 1.000000
vn 0.000000 0.000000 1.000000
vn 0.000000 0.000000 1.000000
vn 0.000000 0.000000 1.000000
vn 0.000000 0.000000 1.000000
vn 0.000000 0.000000 1.000000
vn 0.000000 0.000000 1.000000
vn 0.000000 0.000000 1.000000
vn 0.000000 0.000000 1.000000
vn 0.000000 0.000000 1.000000
vn 0.000000 0.000000 1.000000
vn 0.000000 0.000000 1.000000
vn 0.000000 0.000000 1.000000
vn 0.000000 0.000000 1.000000
vn 0.000000 0.000000 1.000000
vn 0.000000 0.000000 1.000000
vn 0.000000 0.000000 1.000000
vn 0.000000 0.000000 1.000000
vn 0.000000 0.000000 1.000000
vn 0.000000 0.000000 1.000000
vn 0.000000 0.000000 1.000000
vn 0.000000 0.000000 1.000000
vn 0.000000 0.000000 1.000000
vn 0.000000 0.000000 1.000000
vn 0.000000 0.000000 1.000000
vn 0.000000 0.000000 1.000000
vn 0.000000 0.000000 1.000000
vn 0.000000 0.000000 1.000000
vn 0.000000 0.000000 1.000000
vn 0.000000 0.000000 1.000000
vn 0.000000 0.000000 1.000000
vn 0.000000 0.000000 1.000000
vn 0.000000 0.000000 1.000000
vn 0.000000 0.000000 1.000000
vn 0.000000 0.000000 1.000000
vn 0.000000 0.000000 1.000000
vn 0.000000 0.000000 1.000000
vn 0.000000 0.000000 1.000000
vn 0.000000 0.000000 1.000000
vn 0.000000 0.000000 1.000000
vn 0.000000 0.000000 1.000000
vn 0.000000 0.000000 1.000000
vn 0.000000 0.000000 1.000000
vn 0.000000 0.000000 1.000000
vn 0.000000 0.000000 1.000000
vn 0.000000 0.000000 1.000000
vn 0.000000 0.000000 1.000000
vn 0.000000 0.000000 1.000000
vn 0.000000 0.000000 1.000000
vn 0.000000 0.000000 1.000000
vn 0.000000 -0.000000 1.000000
vn 0.000000 0.000000 1.000000
vn 1.000000 0.000000 0.000000
vn 1.000000 -0.000000 0.000000
vn 0.992683 0.120748 0.000000
vn 0.992683 0.120748 0.000000
vn 0.934789 0.355203 0.000000
vn 0.934789 0.355203 0.000000
vn 0.822378 0.568941 0.000000
vn 0.822378 0.568941 0.000000
vn 0.662005 0.749499 0.000000
vn 0.662005 0.749499 0.000000
vn 0.463024 0.886346 0.000000
vn 0.463024 0.886346 0.000000
vn 0.237039 0.971500 0.000000
vn 0.237039 0.971500 0.000000
vn -0.002771 0.999996 0.000000
vn -0.242419 0.970172 0.000000
vn -0.002771 0.999996 0.000000
vn -0.242419 0.970172 0.000000
vn -0.467928 0.883766 0.000000
vn -0.467928 0.883766 0.000000
vn -0.666148 0.745819 0.000000
vn -0.666148 0.745819 0.000000
vn -0.825518 0.564375 0.000000
vn -0.825518 0.564375 0.000000
vn -0.936743 0.350017 0.000000
vn -0.936743 0.350017 0.000000
vn -0.993337 0.115246 0.000000
vn -0.993337 0.115246 0.000000
vn -0.991999 -0.126247 0.000000
vn -0.991999 -0.126247 -0.000000
vn -0.932806 -0.360377 -0.000000
vn -0.932806 -0.360377 -0.000000
vn -0.819212 -0.573490 0.000000
vn -0.819212 -0.573490 -0.000000
vn -0.657842 -0.753156 0.000000
vn -0.657842 -0.753156 -0.000000
vn -0.458105 -0.888898 -0.000000
vn -0.458105 -0.888898 -0.000000
vn -0.231651 -0.972799 0.000000
vn -0.231651 -0.972799 -0.000000
vn 0.008312 -0.999965 0.000000
vn 0.008312 -0.999965 0.000000
vn 0.247791 -0.968813 0.000000
vn 0.247791 -0.968813 0.000000
vn 0.472818 -0.881160 0.000000
vn 0.472818 -0.881160 0.000000
vn -1.000000 0.000000 0.000000
vn -1.000000 0.000000 0.000000
vn 0.000000 0.000000 1.000000
vn -1.000000 -0.000269 0.000000
vn -1.000000 -0.000268 0.000000
vn 0.000000 0.000000 -1.000000
vn 0.000000 0.000000 -1.000000
vn 0.000000 0.000000 -1.000000
vn 0.000000 -0.000000 -1.000000
vn 0.000000 0.000000 -1.000000
vn 0.000000 0.000000 -1.000000
vn 0.000000 0.000000 -1.000000
vn 0.000000 -0.000000 -1.000000
vn 0.000000 0.000000 -1.000000
vn 0.000000 0.000000 -1.000000
vn 0.000000 0.000000 -1.000000
vn 0.000000 -0.000000 -1.000000
vn 0.000000 -0.000000 -1.000000
vn 0.000000 0.000000 -1.000000
vn 0.000000 0.000000 -1.000000
vn 0.000000 -0.000000 -1.000000
vn 0.000000 -0.000000 -1.000000
vn 0.000000 0.000000 -1.000000
vn 0.000000 0.000000 -1.000000
vn 0.000000 0.000000 -1.000000
vn 0.000000 0.000000 -1.000000
vn 0.000000 0.000000 -1.000000
vn 0.000000 0.000000 -1.000000
vn 0.000000 0.000000 -1.000000
vn 0.000000 0.000000 -1.000000
vn 0.000000 -0.000000 -1.000000
vn 0.000000 0.000000 -1.000000
vn 0.000000 0.000000 -1.000000
vn 0.000000 0.000000 -1.000000
vn 0.000000 0.000000 -1.000000
vn 0.000000 0.000000 -1.000000
vn 0.000000 0.000000 -1.000000
vn 0.000000 0.000000 -1.000000
vn 0.000000 0.000000 -1.000000
vn 0.000000 0.000000 -1.000000
vn 0.000000 0.000000 -1.000000
vn 0.000000 0.000000 -1.000000
vn 0.000000 0.000000 -1.000000
vn 0.000000 -0.000000 -1.000000
vn 0.000000 0.000000 -1.000000
vn 0.000000 0.000000 -1.000000
vn 0.000000 0.000000 -1.000000
vn 0.000000 0.000000 -1.000000
vn 0.000000 0.000000 -1.000000
vn 0.000000 0.000000 -1.000000
vn 0.000000 0.000000 -1.000000
vn 0.000000 -0.000000 -1.000000
vn 0.000000 0.000000 -1.000000
vn 0.000000 0.000000 -1.000000
vn 0.000000 0.000000 -1.000000
vn 0.000000 -0.000000 -1.000000
vn 0.000000 0.000000 -1.000000
vn 0.000000 -0.000000 -1.000000
vn 0.000000 0.000000 -1.000000
vn 0.959624 -0.281285 0.000000
vn 0.959624 -0.281285 0.000000
vn 0.985402 -0.170246 0.000000
vn 0.985402 -0.170246 0.000000
vn 0.998374 -0.056996 0.000000
vn 0.998374 -0.056996 0.000000
vn 0.000000 1.000000 -0.000000
vn 0.000000 1.000000 0.000000
vn 0.894427 0.447214 -0.000000
vn 0.894427 0.447214 0.000000
vn 0.000000 1.000000 -0.000000
vn 0.000000 1.000000 0.000000
vn -0.894427 0.447213 0.000000
vn -0.894427 0.447214 0.000000
vn -0.894427 0.447214 0.000003
vn -0.894427 0.447214 0.000000
vn -0.894427 0.447214 0.000002
vn -0.894428 0.447213 0.000000
vn -0.894428 0.447213 0.000000
vn 0.000000 1.000000 -0.000000
vn 0.000000 1.000000 0.000000
vn 0.000000 0.000000 -1.000000
vn 0.000000 0.000000 -1.000000
vn 0.000000 0.000000 -1.000000
vn 0.000000 -0.000000 -1.000000
vn 0.000000 0.000000 -1.000000
vn 0.000000 0.000000 -1.000000
vn 0.000000 0.000000 -1.000000
vn 0.000000 0.000000 -1.000000
vn 0.000000 0.000000 -1.000000
vn 0.000000 -0.000000 -1.000000
vn 0.000000 0.000000 -1.000000
vn 0.000000 0.000000 -1.000000
vn 0.000000 0.000000 -1.000000
vn 0.000000 0.000000 -1.000000
vn 0.000000 -0.000000 -1.000000
vn 0.000000 0.000000 -1.000000
vn 0.000000 -0.000000 -1.000000
vn 0.000000 -0.000000 -1.000000
vn 0.000000 0.000000 -1.000000
vn 0.000000 0.000000 1.000000
vn 0.000000 0.000000 1.000000
vn 0.000000 0.000000 1.000000
vn 0.433007 -0.901391 0.000000
vn 0.433007 -0.901391 0.000000
vn 0.365222 -0.930920 0.000000
vn 0.365222 -0.930920 0.000000
vn 0.300932 -0.953646 0.000000
vn 0.300932 -0.953646 0.000000
vn 0.241159 -0.970486 0.000000
vn 0.241159 -0.970486 0.000000
vn 0.204151 -0.978939 0.000000
vn 0.204151 -0.978939 0.000000
vn -0.284843 -0.958574 0.000000
vn -0.284843 -0.958574 0.000000
vn -0.343646 -0.939099 0.000000
vn -0.343646 -0.939099 0.000000
vn -0.398464 -0.917184 0.000000
vn -0.398464 -0.917184 0.000000
vn -0.444468 -0.895795 0.000000
vn -0.444468 -0.895795 0.000000
vn 1.000000 -0.000000 0.000000
vn 1.000000 0.000000 0.000000
vn 1.000000 -0.000000 0.000000
vn 1.000000 0.000000 0.000000
vn 1.000000 0.000000 0.000000
vn -0.209316 -0.977848 0.000000
vn -0.209316 -0.977848 0.000000
vn -0.241304 -0.970450 0.000000
vn -0.241304 -0.970450 0.000000
vn 0.995439 0.095399 0.000000
vn 0.995439 0.095399 -0.000000
vn 0.966275 0.257511 -0.000000
vn 0.966275 0.257511 0.000000
vn 0.920577 0.390562 -0.000000
vn 0.920577 0.390562 0.000000
vn 0.866005 0.500035 0.000000
vn 0.866005 0.500035 -0.000000
vn 0.810098 0.586294 -0.000000
vn 0.810098 0.586294 0.000000
vn 0.755476 0.655176 -0.000000
vn 0.755476 0.655176 0.000000
vn 0.705040 0.709168 -0.000000
vn 0.705040 0.709168 0.000000
vn -1.000000 0.000000 0.000000
vn -1.000000 -0.000000 0.000000
vn -1.000000 0.000000 0.000000
vn -1.000000 0.000000 0.000000
vn 0.658870 0.752257 0.000000
vn 0.658870 0.752257 -0.000000
vn 0.609147 0.793057 -0.000000
vn 0.609147 0.793057 0.000000
vn 0.554735 0.832027 0.000000
vn 0.554735 0.832027 -0.000000
vn 0.491092 0.871108 -0.000000
vn 0.491092 0.871108 0.000000
vn -0.490590 0.871391 0.000000
vn -0.490590 0.871391 0.000000
vn -0.555807 0.831311 0.000000
vn -0.555807 0.831311 0.000000
vn -0.614813 0.788626 -0.008587
vn -0.612366 0.790574 0.000000
vn -0.669448 0.742755 -0.012402
vn -0.665248 0.746580 0.007973
vn -0.667651 0.744474 0.000000
vn -0.704958 0.709222 0.006199
vn -0.720016 0.692361 -0.047043
vn -0.732669 0.680585 0.000106
vn -0.772957 0.634458 -0.000197
vn -0.773271 0.634073 0.002104
vn -0.826331 0.563181 -0.002183
vn -0.826766 0.562545 0.000923
vn -0.880022 0.474930 -0.001901
vn -0.879896 0.475165 -0.000974
vn -0.931040 0.364885 -0.004849
vn -0.930194 0.367063 0.001972
vn -0.971617 0.236447 -0.007291
vn -0.970354 0.241646 0.004430
vn -0.996213 0.086948 0.000000
vn -0.995823 0.090906 0.008565
vn 0.000000 0.000000 1.000000
vn 0.000000 0.000000 1.000000
vn 0.000000 0.000000 1.000000
vn 0.000000 0.000000 1.000000
vn 0.000000 0.000000 1.000000
vn 0.000000 0.000000 1.000000
vn 0.000000 0.000000 1.000000
vn 0.000000 0.000000 1.000000
vn 0.000000 0.000000 1.000000
vn 0.000000 0.000000 1.000000
vn 0.000000 0.000000 1.000000
vn 0.000000 0.000000 1.000000
vn 0.000000 0.000000 1.000000
vn 0.000000 0.000000 1.000000
vn 0.000000 0.000000 1.000000
vn 0.000000 0.000000 1.000000
vn 0.000000 0.000000 1.000000
vn 0.000000 0.000000 1.000000
vn 0.000000 0.000000 1.000000
vn 0.000000 0.000000 1.000000
vn 0.000000 0.000000 1.000000
vn 0.000000 0.000000 1.000000
vn 0.000000 0.000000 1.000000
vn 0.000000 0.000000 1.000000
vn 0.000000 0.000000 1.000000
vn 0.000000 0.000000 1.000000
vn 0.000000 0.000000 1.000000
vn 0.000000 0.000000 1.000000
vn 0.000000 0.000000 1.000000
vn 0.000000 0.000000 1.000000
vn 0.000000 0.000000 1.000000
vn 0.000000 0.000000 1.000000
vn 0.000000 0.000000 1.000000
vn 0.000000 0.000000 1.000000
vn 0.000000 0.000000 1.000000
vn 0.000000 0.000000 1.000000
vn 0.000000 0.000000 1.000000
vn 0.000000 0.000000 1.000000
vn 0.000000 0.000000 1.000000
vn 0.000000 0.000000 1.000000
vn 0.000000 0.000000 1.000000
vn 0.000000 0.000000 1.000000
vn 0.000000 0.000000 1.000000
vn 0.000000 0.000000 1.000000
vn 0.000000 0.000000 1.000000
vn 0.000000 0.000000 1.000000
vn 0.000000 0.000000 1.000000
vn 0.000000 0.000000 1.000000
vn 0.000000 0.000000 1.000000
vn 0.000000 0.000000 1.000000
vn 0.000000 0.000000 1.000000
vn 0.000000 0.000000 1.000000
vn 0.000000 0.000000 1.000000
vn -0.992709 -0.120537 -0.000000
vn -0.992709 -0.120537 0.000000
vn -0.935016 -0.354605 0.000000
vn -0.935016 -0.354605 -0.000000
vn -0.822984 -0.568065 0.000000
vn -0.822984 -0.568065 -0.000000
vn -0.663122 -0.748511 0.000000
vn -0.663122 -0.748511 -0.000000
vn -0.464723 -0.885456 0.000000
vn -0.464723 -0.885456 -0.000000
vn -0.239316 -0.970942 0.000000
vn -0.239316 -0.970942 -0.000000
vn 0.000000 -1.000000 0.000000
vn -0.000000 -1.000000 -0.000000
vn 0.239316 -0.970942 0.000000
vn 0.239316 -0.970942 0.000000
vn 0.464723 -0.885456 0.000000
vn 0.663122 -0.748511 0.000000
vn 0.464723 -0.885456 0.000000
vn 0.663122 -0.748511 0.000000
vn 0.822984 -0.568065 0.000000
vn 0.822984 -0.568065 0.000000
vn 0.935016 -0.354605 0.000000
vn 0.935016 -0.354605 0.000000
vn 0.992709 -0.120537 0.000000
vn 0.992709 -0.120537 0.000000
vn 0.992709 0.120537 -0.000000
vn 0.992709 0.120537 0.000000
vn 0.935016 0.354605 0.000000
vn 0.935016 0.354605 0.000000
vn 0.822984 0.568065 0.000000
vn 0.822984 0.568065 0.000000
vn 0.663122 0.748511 0.000000
vn 0.663122 0.748511 0.000000
vn 0.464724 0.885456 0.000000
vn 0.464724 0.885456 0.000000
vn 0.239315 0.970942 0.000000
vn 0.239315 0.970942 0.000000
vn -0.000000 1.000000 0.000000
vn 0.000000 1.000000 0.000000
vn -0.239315 0.970942 0.000000
vn -0.239315 0.970942 0.000000
vn -0.464724 0.885456 0.000000
vn -0.464724 0.885456 0.000000
vn -0.663122 0.748511 0.000000
vn -0.663122 0.748511 0.000000
vn -0.822984 0.568065 0.000000
vn -0.822984 0.568065 0.000000
vn -0.935016 0.354605 0.000000
vn -0.935016 0.354605 0.000000
vn -0.992709 0.120537 0.000000
vn -0.992709 0.120537 0.000000
vn 0.000000 1.000000 0.000000
vn 0.894427 0.447214 -0.000000
vn 0.894427 0.447214 0.000000
vn 0.000000 -1.000000 0.000000
vn 0.000000 -1.000000 0.000000
vn -0.894427 0.447214 0.000000
vn -0.894427 0.447214 0.000000
vn 0.000000 0.000000 1.000000
vn 0.000000 0.000000 1.000000
vn 0.000000 0.000000 1.000000
vn 0.000000 0.000000 1.000000
vn 0.000000 0.000000 1.000000
vn 0.000000 0.000000 1.000000
vn 0.000000 0.000000 1.000000
vn 0.000000 0.000000 1.000000
vn 0.000000 0.000000 1.000000
vn 0.000000 0.000000 1.000000
vn 0.000000 0.000000 1.000000
vn 0.000000 0.000000 1.000000
vn 0.000000 0.000000 1.000000
vn 0.000000 0.000000 1.000000
vn 0.000000 0.000000 1.000000
vn 0.000000 0.000000 1.000000
vn 0.000000 0.000000 1.000000
vn 0.000000 0.000000 1.000000
vn 0.000000 0.000000 1.000000
vn 0.000000 0.000000 1.000000
vn 0.000000 0.000000 1.000000
vn 0.000000 0.000000 1.000000
vn 0.000000 0.000000 1.000000
vn 0.000000 0.000000 1.000000
vn 0.000000 0.000000 1.000000
vn 0.000000 0.000000 1.000000
vn 0.000000 0.000000 1.000000
vn 0.000000 0.000000 1.000000
vn 0.000000 0.000000 1.000000
vn 0.000000 0.000000 1.000000
vn 0.000000 0.000000 1.000000
vn 0.000000 0.000000 1.000000
vn 0.000000 0.000000 1.000000
vn 0.000000 0.000000 1.000000
vn 0.000000 0.000000 1.000000
vn 0.000000 0.000000 1.000000
vn 0.000000 0.000000 1.000000
vn 0.000000 1.000000 -0.000000
vn 0.000000 1.000000 0.000000
vn 0.000000 0.000000 1.000000
vn 0.000000 0.000000 1.000000
vn 0.000000 0.000000 1.000000
vn 0.000000 0.000000 1.000000
vn -0.706495 -0.707718 0.000000
vn -0.706495 -0.707718 0.000000
vn 0.000000 -0.000000 -1.000000
vn 0.707107 0.707107 -0.000000
vn 0.707107 0.707107 0.000000
vn 0.707107 0.707107 0.000000
vn -0.936329 -0.351123 0.000000
vn -0.936329 -0.351123 0.000000
vn -0.936329 -0.351123 0.000000
vn 0.000000 0.000000 1.000000
vn 0.000000 0.000000 1.000000
vn 0.894427 0.447214 -0.000000
vn 0.894427 0.447214 -0.000002
vn 0.894427 0.447214 0.000000
vn -0.894427 0.447214 0.000000
vn -0.894427 0.447214 0.000000
vn -0.707107 -0.707107 0.000000
vn -0.707107 -0.707107 0.000000
vn -0.707107 -0.707107 0.000000
vn 0.611740 -0.791059 0.000000
vn 0.611740 -0.791059 0.000000
vn 0.648789 -0.760968 0.000000
vn 0.648789 -0.760968 0.000000
vn 0.677209 -0.735791 0.000000
vn 0.677209 -0.735791 0.000000
vn 0.707107 0.707106 -0.000000
vn 0.707107 0.707106 0.000000
vn 0.894427 0.447214 -0.000000
vn 0.894427 0.447214 0.000000
vn 0.000000 0.000000 1.000000
vn 0.000000 0.000000 1.000000
vn 0.000000 0.000000 1.000000
vn 0.000000 0.000000 1.000000
vn 0.000000 0.000000 1.000000
vn 0.000000 0.000000 1.000000
vn 0.894427 -0.447214 0.000000
vn 0.894427 -0.447214 0.000000
vn 0.894427 -0.447214 0.000000
vn -0.894427 -0.447214 0.000000
vn -0.894427 -0.447214 0.000000
vn -0.894427 -0.447214 0.000000
vn -0.894427 -0.447214 0.000000
vn -0.894427 -0.447214 0.000000
vn -0.894427 -0.447214 0.000000
vn 0.000000 0.000000 -1.000000
vn 0.000000 0.000000 -1.000000
vn 0.000000 0.000000 -1.000000
vn 0.000000 0.000000 -1.000000
vn 0.000000 -0.000000 -1.000000
vn 0.000000 0.000000 -1.000000
vn 0.000000 0.000000 -1.000000
vn 0.000000 0.000000 -1.000000
vn 0.000000 0.000000 -1.000000
vn 0.000000 0.000000 -1.000000
vn 0.000000 0.000000 -1.000000
vn 0.000000 0.000000 1.000000
vn 0.000000 0.000000 1.000000
vn 0.000000 0.000000 1.000000
vn 0.000000 0.000000 1.000000
vn 0.000000 0.000000 1.000000
vn 0.000000 0.000000 1.000000
vn 0.000000 0.000000 1.000000
vn 0.000000 0.000000 1.000000
vn 0.000000 0.000000 1.000000
vn 0.000000 0.000000 1.000000
vn 0.000000 0.000000 -1.000000
vn 0.000000 0.000000 -1.000000
vn 0.000000 0.000000 -1.000000
vn 0.000000 0.000000 -1.000000
vn 0.000000 0.000000 -1.000000
vn 0.000000 -0.000000 -1.000000
vn 0.000000 0.000000 -1.000000
vn 0.000000 0.000000 -1.000000
vn 0.000000 0.000000 -1.000000
vn 0.000000 0.000000 -1.000000
vn 0.000000 0.000000 -1.000000
vn 0.000000 0.000000 -1.000000
vn 0.000000 0.000000 -1.000000
vn 1.000000 0.000000 0.000000
vn 1.000000 0.000000 -0.000000
vn 1.000000 0.000000 -0.000000
vn 0.000000 0.000000 1.000000
vn 0.000000 0.000000 1.000000
vn 0.000000 0.000000 1.000000
vn 0.000000 0.000000 1.000000
vn 0.000000 0.000000 1.000000
vn 0.000000 0.000000 1.000000
vn 0.000000 0.000000 1.000000
vn 0.000000 0.000000 1.000000
vn 0.000000 0.000000 1.000000
vn 0.000000 0.000000 1.000000
vn 0.000000 0.000000 1.000000
vn 0.000000 0.000000 1.000000
vn 0.000000 0.000000 1.000000
vn 0.000000 1.000000 0.000000
vn 0.000000 1.000000 -0.000000
vn -0.894427 0.447214 0.000000
vn -0.894427 0.447214 0.000000
vn -0.894427 0.447214 0.000000
vn -0.894427 0.447214 0.000000
vn 0.000000 1.000000 0.000000
vn 0.000000 1.000000 -0.000000
vn 0.894427 0.447214 0.000000
vn 0.894427 0.447214 -0.000000
vn -0.894427 0.447214 0.000000
vn -0.894427 0.447214 0.000000
vn 0.894427 0.447214 0.000000
vn 0.894427 0.447214 -0.000000
vn 0.000000 -1.000000 0.000000
vn 0.000000 -1.000000 0.000000
vn -0.284842 0.958574 0.000000
vn -0.284842 0.958574 0.000000
vn -0.343646 0.939099 0.000000
vn -0.343646 0.939099 0.000000
vn -0.398464 0.917184 0.000000
vn -0.398464 0.917184 0.000000
vn -0.444468 0.895795 0.000000
vn -0.444468 0.895795 0.000000
vn -0.894447 -0.447174 0.000000
vn -0.894447 -0.447174 0.000000
vn -0.894447 -0.447174 0.000000
vn -0.894447 -0.447174 0.000001
vn 0.435978 0.899957 0.000000
vn 0.435978 0.899957 -0.000000
vn 0.373593 0.927593 -0.000000
vn 0.373593 0.927593 0.000000
vn 0.313648 0.949539 -0.000000
vn 0.313648 0.949539 0.000000
vn 0.258283 0.966069 -0.000000
vn 0.258283 0.966069 0.000000
vn 0.219601 0.975590 -0.000000
vn 0.219601 0.975590 0.000000
vn 0.200884 0.979615 -0.000000
vn 0.200884 0.979615 0.000000
vn 0.707107 -0.707107 0.000000
vn 0.707107 -0.707107 0.000000
vn 0.000000 0.000000 1.000000
vn -0.435978 0.899957 0.000000
vn -0.435978 0.899957 0.000000
vn -0.373593 0.927593 0.000000
vn -0.373593 0.927593 0.000000
vn -0.313648 0.949539 0.000000
vn -0.313648 0.949539 0.000000
vn -0.258283 0.966069 0.000000
vn -0.258283 0.966069 0.000000
vn -0.219601 0.975590 0.000000
vn -0.219601 0.975590 0.000000
vn -0.200884 0.979615 0.000000
vn -0.200884 0.979615 0.000000
vn 0.284843 0.958574 -0.000000
vn 0.284843 0.958574 0.000000
vn 0.343646 0.939099 0.000000
vn 0.343646 0.939099 -0.000000
vn 0.398464 0.917184 0.000000
vn 0.398464 0.917184 -0.000000
vn 0.444468 0.895795 0.000000
vn 0.444468 0.895795 -0.000000
vn -1.000000 0.000000 0.000000
vn -1.000000 0.000000 0.000000
vn -1.000000 0.000000 0.000000
vn -1.000000 0.000000 0.000000
vn -1.000000 -0.000000 0.000000
vn 0.000000 0.000000 -1.000000
vn 0.000000 -0.000000 -1.000000
vn 0.000000 -0.000000 -1.000000
vn 0.000000 0.000000 -1.000000
vn 0.000000 0.000000 -1.000000
vn 0.000000 -0.000000 -1.000000
vn 0.000000 0.000000 -1.000000
vn 0.000000 0.000000 -1.000000
vn 0.000000 -0.000000 -1.000000
vn 0.000000 -0.000000 -1.000000
vn 0.000000 0.000000 -1.000000
vn 0.000000 -0.000000 -1.000000
vn 0.000000 0.000000 -1.000000
vn 0.000000 -0.000000 -1.000000
vn 0.000000 0.000000 -1.000000
vn 0.000000 0.000000 1.000000
vn 0.000000 0.000000 1.000000
vn 0.000000 0.000000 1.000000
vn 0.000000 0.000000 1.000000
vn 0.000000 0.000000 1.000000
vn 0.000000 0.000000 1.000000
vn 0.000000 0.000000 1.000000
vn 0.000000 0.000000 1.000000
vn 0.000000 0.000000 1.000000
vn 0.000000 0.000000 1.000000
vn 0.000000 0.000000 1.000000
vn 0.000000 0.000000 1.000000
vn 0.000000 0.000000 1.000000
vn 0.000000 0.000000 1.000000
vn 0.000000 0.000000 1.000000
vn 0.000000 0.000000 1.000000
vn 0.000000 0.000000 1.000000
vn 0.000000 0.000000 1.000000
vn 0.000000 0.000000 1.000000
vn 0.000000 0.000000 1.000000
vn 0.000000 0.000000 1.000000
vn 0.000000 0.000000 1.000000
vn 0.894447 -0.447174 0.000000
vn 0.894447 -0.447174 0.000000
vn 0.894447 -0.447174 0.000000
vn 0.894447 -0.447174 0.000000
vn 0.894447 -0.447174 0.000000
vn 0.894447 -0.447174 0.000000
vn 0.894447 -0.447174 0.000000
vn 0.894447 -0.447174 0.000001
vn 0.894447 -0.447174 -0.000001
vn 0.894447 -0.447174 0.000000
vn 0.894447 -0.447174 0.000000
vn 0.894447 -0.447174 -0.000001
vn 0.000000 0.000000 -1.000000
vn 0.000000 0.000000 -1.000000
vn 0.000000 0.000000 -1.000000
vn 0.000000 0.000000 -1.000000
vn 0.000000 0.000000 -1.000000
vn 0.000000 0.000000 -1.000000
vn 0.000000 0.000000 -1.000000
vn 0.000000 0.000000 -1.000000
vn 0.000000 0.000000 -1.000000
vn -0.996160 -0.087556 0.000000
vn -0.996160 -0.087556 0.000000
vn -0.971081 -0.238749 0.000000
vn -0.971081 -0.238749 0.000000
vn -0.930852 -0.365396 0.000000
vn -0.930852 -0.365396 0.000000
vn -0.881799 -0.471625 0.000000
vn -0.881799 -0.471625 0.000000
vn -0.830500 -0.557018 0.000000
vn -0.830500 -0.557018 0.000000
vn -0.779914 -0.625886 0.000000
vn -0.779914 -0.625886 0.000000
vn -0.735976 -0.677007 0.000000
vn -0.735976 -0.677007 0.000000
vn -0.699128 -0.714997 0.000000
vn -0.699128 -0.714997 0.000000
vn -0.707107 -0.707107 0.000000
vn -0.707107 -0.707107 0.000000
vn 0.936329 0.351123 0.000000
vn 0.936329 0.351123 -0.000000
vn -0.894427 -0.447214 0.000000
vn -0.894427 -0.447214 0.000000
vn 0.894427 -0.447214 0.000000
vn 0.894427 -0.447214 0.000000
vn 0.894427 0.447214 -0.000000
vn 0.894427 0.447214 0.000001
vn 0.894427 0.447214 0.000000
vn 0.000000 1.000000 -0.000000
vn 0.000000 1.000000 0.000000
vn -0.894427 -0.447214 0.000000
vn -0.894427 -0.447214 0.000001
vn -0.894427 -0.447214 0.000000
vn 0.707107 0.707107 0.000000
vn 0.707107 0.707107 -0.000000
vn 0.000000 0.000000 -1.000000
vn 0.000000 0.000000 -1.000000
vn 0.000000 0.000000 -1.000000
vn 0.000000 0.000000 -1.000000
vn 0.000000 0.000000 -1.000000
vn 0.000000 0.000000 -1.000000
vn 0.000000 0.000000 -1.000000
vn 0.000000 0.000000 -1.000000
vn 0.000000 0.000000 -1.000000
vn 0.000000 -0.000000 -1.000000
vn 0.000000 -0.000000 -1.000000
vn 0.000000 0.000000 -1.000000
vn 0.000000 -0.000000 -1.000000
vn 0.000000 1.000000 -0.000000
vn 0.000000 1.000000 0.000000
vn 0.000000 0.000000 1.000000
vn 0.000000 0.000000 1.000000
vn 0.000000 0.000000 1.000000
vn 0.000000 0.000000 1.000000
vn 0.000000 0.000000 1.000000
vn 0.000000 0.000000 1.000000
vn 0.000000 0.000000 1.000000
vn 0.000000 0.000000 1.000000
vn 0.000000 0.000000 1.000000
vn 0.000000 0.000000 1.000000
vn 0.894427 -0.447214 0.000000
vn 0.894427 -0.447214 0.000000
vn -0.894427 0.447214 0.000000
vn -0.894427 0.447214 0.000000
vn 0.000000 1.000000 -0.000000
vn 0.000000 1.000000 0.000000
vn 0.894427 0.447214 -0.000000
vn 0.894427 0.447214 0.000000
vn -0.894427 0.447214 0.000000
vn -0.894427 0.447214 0.000000
vn 0.000000 -1.000000 0.000000
vn 0.000000 -1.000000 0.000000
vn 1.000000 -0.000000 0.000000
vn 1.000000 -0.000000 0.000000
vn 1.000000 -0.000000 0.000000
vn 0.000000 0.000000 -1.000000
vn 0.000000 0.000000 -1.000000
vn 0.000000 0.000000 -1.000000
vn 0.000000 0.000000 -1.000000
vn 0.000000 0.000000 -1.000000
vn 0.000000 0.000000 -1.000000
vn 0.000000 0.000000 -1.000000
vn 0.000000 0.000000 -1.000000
vn 0.000000 0.000000 -1.000000
vn 0.000000 0.000000 -1.000000
vn 0.000000 0.000000 -1.000000
vn 0.000000 -0.000000 -1.000000
vn 0.996160 -0.087556 0.000000
vn 0.996160 -0.087556 0.000000
vn 0.971081 -0.238749 0.000000
vn 0.971081 -0.238749 0.000000
vn 0.930852 -0.365397 0.000000
vn 0.930852 -0.365397 0.000000
vn 0.881800 -0.471624 0.000000
vn 0.881800 -0.471624 0.000000
vn 0.830500 -0.557018 0.000000
vn 0.830500 -0.557018 0.000000
vn 0.779915 -0.625886 0.000000
vn 0.779915 -0.625886 0.000000
vn 0.735976 -0.677007 0.000000
vn 0.735976 -0.677007 0.000000
vn 0.699128 -0.714997 0.000000
vn 0.699128 -0.714997 0.000000
vn 0.000000 0.000000 1.000000
vn 0.000000 0.000000 1.000000
vn 0.000000 0.000000 1.000000
vn 0.000000 0.000000 1.000000
vn 0.000000 0.000000 1.000000
vn 0.000000 0.000000 1.000000
vn 0.000000 0.000000 1.000000
vn 0.000000 0.000000 1.000000
vn 0.000000 -0.000000 1.000000
vn -0.707107 0.707107 0.000000
vn -0.707107 0.707107 0.000000
vn 0.000000 1.000000 -0.000000
vn 0.000000 1.000000 0.000000
vn 0.894427 0.447214 -0.000000
vn 0.894427 0.447214 0.000000
vn 0.000000 1.000000 -0.000000
vn 0.000000 1.000000 0.000000
vn -0.894427 0.447213 0.000000
vn -0.894427 0.447213 0.000000
vn -0.894447 -0.447174 0.000000
vn -0.894447 -0.447174 0.000000
vn -0.894447 -0.447174 0.000000
vn -0.894447 -0.447174 0.000002
vn 0.000000 0.000000 1.000000
vn 0.000000 0.000000 1.000000
vn 0.000000 0.000000 1.000000
vn 0.000000 0.000000 1.000000
vn 0.000000 -0.000000 -1.000000
vn 0.894427 0.447214 -0.000000
vn 0.894427 0.447214 0.000000
vn -0.894427 0.447214 0.000000
vn -0.894427 0.447214 0.000000
vn 0.000000 -1.000000 0.000000
vn 0.000000 -1.000000 0.000000
vn 0.000000 0.000000 1.000000
vn 0.000000 -1.000000 0.000000
vn 0.000000 -1.000000 0.000000
vn -0.894427 -0.447214 0.000000
vn -0.894427 -0.447214 0.000000
vn 0.894427 0.447214 -0.000000
vn 0.894427 0.447214 0.000000
vn 0.000000 0.000000 1.000000
vn 0.000000 0.000000 1.000000
vn 0.000000 0.000000 1.000000
vn 0.000000 0.000000 1.000000
vn 0.000000 0.000000 1.000000
vn 0.000000 0.000000 1.000000
vn 0.000000 0.000000 1.000000
vn 0.000000 0.000000 1.000000
vn 0.000000 0.000000 1.000000
vn 0.000000 0.000000 1.000000
vn 0.000000 0.000000 1.000000
vn 0.000000 0.000000 1.000000
vn 0.000000 0.000000 1.000000
vn 0.000000 0.000000 1.000000
vn 0.000000 0.000000 1.000000
vn 0.000000 0.000000 1.000000
vn 0.000000 0.000000 1.000000
vn 0.000000 0.000000 1.000000
vn 0.000000 0.000000 1.000000
vn 0.000000 0.000000 1.000000
vn 0.000000 0.000000 1.000000
vn 0.000000 0.000000 1.000000
vn 0.000000 0.000000 1.000000
vn 0.000000 0.000000 1.000000
vn 0.000000 0.000000 1.000000
vn 0.000000 0.000000 1.000000
vn 0.000000 0.000000 1.000000
vn 0.000000 0.000000 1.000000
vn 0.000000 0.000000 1.000000
vn 0.000000 0.000000 1.000000
vn 0.000000 0.000000 1.000000
vn 0.000000 0.000000 1.000000
vn 0.000000 0.000000 1.000000
vn 0.000000 0.000000 1.000000
vn 0.000000 0.000000 1.000000
vn 0.000000 0.000000 1.000000
vn 0.000000 0.000000 1.000000
vn 0.000000 0.000000 1.000000
vn 0.000000 0.000000 0.000000
vn 0.000000 -0.000000 0.000000
vn 0.000000 1.000000 -0.000000
vn 0.000000 1.000000 0.000000
vn 0.209316 0.977848 -0.000000
vn 0.209316 0.977848 0.000000
vn 0.241304 0.970450 -0.000000
vn 0.241304 0.970450 0.000000
vn 1.000000 0.000000 0.000000
vn 1.000000 0.000000 -0.000000
vn 1.000000 0.000000 0.000000
vn 1.000000 -0.000000 0.000000
vn 0.465040 -0.885290 0.000000
vn 0.488050 -0.872578 0.020376
vn 0.488141 -0.872523 0.020542
vn 0.510301 -0.859996 -0.000364
vn 0.531550 -0.847027 0.000389
vn 0.549514 -0.835253 0.019698
vn 0.551868 -0.833792 0.015243
vn 0.571586 -0.820540 -0.001792
vn 0.590635 -0.806934 0.002741
vn 0.605151 -0.795773 0.023205
vn 0.609132 -0.792925 0.015067
vn 0.626478 -0.779438 -0.001001
vn 0.642604 -0.766198 0.001307
vn 0.656459 -0.754128 0.018776
vn 0.658487 -0.752449 0.014654
vn 0.672722 -0.739895 0.000764
vn 0.685574 -0.728003 -0.000641
vn 0.685215 -0.728341 0.000000
vn 0.704021 -0.709587 0.029001
vn 0.709497 -0.704706 0.001850
vn 0.752177 -0.658382 0.027637
vn 0.746977 -0.664847 -0.001939
vn 0.801344 -0.597601 0.026849
vn 0.790975 -0.611171 -0.028782
vn 0.851295 -0.523985 0.027150
vn 0.841088 -0.540193 -0.027615
vn 0.900577 -0.433795 0.027983
vn 0.890491 -0.454155 -0.027724
vn 0.945891 -0.323215 0.028683
vn 0.936685 -0.349008 -0.028524
vn 0.973259 -0.228319 -0.025259
vn 0.979178 -0.202344 0.016372
vn 0.996130 -0.085183 -0.021659
vn 0.997324 -0.073112 0.000000
vn -0.660512 -0.750815 0.000000
vn -0.660512 -0.750815 0.000000
vn -0.612175 -0.790723 0.000000
vn -0.612175 -0.790723 0.000000
vn -0.556747 -0.830682 0.000000
vn -0.556747 -0.830682 0.000000
vn -0.491945 -0.870626 0.000000
vn -0.491945 -0.870626 0.000000
vn -0.894447 0.447174 0.000000
vn -0.894447 0.447174 0.000000
vn -0.894447 0.447174 -0.000003
vn -0.894447 0.447174 -0.000002
vn -0.894447 0.447174 0.000000
vn -0.894447 0.447174 0.000000
vn -0.894447 0.447174 0.000000
vn -0.894447 0.447174 0.000000
vn -0.894447 0.447174 0.000001
vn -0.894447 0.447174 0.000000
vn -0.894447 0.447174 0.000000
vn -0.894447 0.447174 0.000001
vn -0.894427 -0.447213 0.000000
vn -0.894427 -0.447214 0.000000
vn -0.894427 -0.447214 0.000000
vn -0.894427 -0.447214 0.000000
vn -0.894427 -0.447214 0.000000
vn 0.894427 0.447214 -0.000000
vn 0.894427 0.447214 -0.000000
vn 0.894427 0.447214 0.000000
vn -0.894427 0.447214 0.000000
vn -0.894427 0.447214 0.000000
vn 0.000000 -1.000000 0.000000
vn 0.000000 -1.000000 0.000000
vn 0.000000 -1.000000 0.000000
vn 0.000000 -1.000000 0.000000
vn 0.894427 -0.447213 0.000000
vn 0.894427 -0.447213 0.000000
vn 0.894427 -0.447214 0.000000
vn 0.894427 -0.447214 0.000000
vn 0.000000 1.000000 -0.000000
vn 0.000000 1.000000 0.000000
vn -0.894427 -0.447214 0.000000
vn -0.894427 -0.447214 0.000000
vn 0.000000 -0.000000 -1.000000
vn 0.000000 0.000000 -1.000000
vn 0.000000 0.000000 -1.000000
vn 0.000000 -0.000000 -1.000000
vn 0.000000 0.000000 -1.000000
vn 0.000000 0.000000 -1.000000
vn 0.000000 0.000000 -1.000000
vn 0.000000 -0.000000 -1.000000
vn 0.000000 0.000000 -1.000000
vn 0.000000 0.000000 -1.000000
vn 0.000000 0.000000 -1.000000
vn 0.000000 0.000000 -1.000000
vn 0.000000 0.000000 -1.000000
vn 0.000000 0.000000 -1.000000
vn 0.000000 0.000000 -1.000000
vn 0.000000 0.000000 -1.000000
vn 0.000000 -1.000000 0.000000
vn 0.000000 -1.000000 0.000000
vn 0.000000 0.000000 -1.000000
vn 0.000000 0.000000 -1.000000
vn 0.000000 0.000000 -1.000000
vn 0.000000 0.000000 -1.000000
vn 0.000000 0.000000 -1.000000
vn 0.000000 0.000000 -1.000000
vn 0.000000 0.000000 -1.000000
vn 0.000000 0.000000 -1.000000
vn 0.000000 0.000000 -1.000000
vn 0.000000 0.000000 -1.000000
vn 0.000000 0.000000 -1.000000
vn 0.000000 -0.000000 -1.000000
vn 0.000000 -0.000000 -1.000000
vn 0.000000 0.000000 -1.000000
vn 0.000000 -0.000000 -1.000000
vn 0.000000 0.000000 -1.000000
vn 0.000000 0.000000 -1.000000
vn 0.000000 0.000000 -1.000000
vn 0.000000 0.000000 -1.000000
vn 0.000000 0.000000 -1.000000
vn 0.000000 0.000000 -1.000000
vn 0.000000 0.000000 -1.000000
vn 0.000000 0.000000 -1.000000
vn 0.000000 0.000000 -1.000000
vn 0.000000 0.000000 -1.000000
vn 0.706495 0.707718 0.000000
vn 0.706495 0.707718 -0.000000
vn -0.707107 -0.707107 0.000000
vn -0.707107 -0.707107 0.000000
vn 0.936329 0.351123 0.000000
vn 0.936329 0.351123 -0.000000
vn 0.000000 0.000000 -1.000000
vn 0.000000 0.000000 -1.000000
vn -0.894427 -0.447214 0.000000
vn -0.894427 -0.447214 0.000000
vn 0.000000 0.000000 -1.000000
vn 0.000000 0.000000 -1.000000
vn 0.000000 0.000000 -1.000000
vn 0.000000 0.000000 -1.000000
vn 0.000000 0.000000 -1.000000
vn 0.000000 0.000000 -1.000000
vn 0.707107 0.707107 0.000000
vn 0.707107 0.707107 -0.000000
vn 0.000000 0.000000 -1.000000
vn 0.000000 0.000000 -1.000000
vn 0.000000 -0.000000 -1.000000
vn 0.000000 0.000000 -1.000000
vn 0.000000 0.000000 -1.000000
vn 0.000000 0.000000 -1.000000
vn 0.000000 0.000000 -1.000000
vn 0.000000 0.000000 -1.000000
vn 0.000000 0.000000 -1.000000
vn 0.000000 0.000000 -1.000000
vn -0.596768 0.802414 0.000000
vn -0.613070 0.789612 -0.025652
vn -0.611436 0.790665 -0.031547
vn -0.630388 0.776269 0.004198
vn -0.648762 0.760936 -0.009194
vn -0.648146 0.761481 -0.007272
vn -0.665555 0.746335 0.004655
vn -0.677146 0.735723 -0.013625
vn -0.682805 0.730601 0.000000
vn -0.707107 -0.707106 0.000000
vn -0.707107 -0.707106 0.000000
vn -0.894427 -0.447214 0.000000
vn -0.894427 -0.447214 0.000000
vn 0.000000 0.000000 -1.000000
vn 0.000000 0.000000 -1.000000
vn 0.000000 0.000000 -1.000000
vn 0.000000 0.000000 -1.000000
vn 0.000000 0.000000 -1.000000
vn 0.000000 -0.000000 -1.000000
vn 0.000000 0.000000 -1.000000
vn 0.000000 0.000000 -1.000000
vn 0.000000 -0.000000 -1.000000
vn 0.000000 0.000000 -1.000000
vn 0.000000 -0.000000 -1.000000
vn 0.000000 0.000000 -1.000000
vn 0.000000 0.000000 -1.000000
vn 0.000000 0.000000 -1.000000
vn 0.000000 0.000000 -1.000000
vn 0.000000 0.000000 -1.000000
vn 0.000000 -0.000000 -1.000000
vn 0.000000 0.000000 -1.000000
vn 0.000000 0.000000 -1.000000
vn 0.000000 0.000000 -1.000000
vn 0.000000 -0.000000 -1.000000
vn 0.000000 0.000000 -1.000000
vn 0.000000 -0.000000 -1.000000
vn 0.000000 -0.000000 -1.000000
vn 0.000000 0.000000 -1.000000
vn 0.000000 -0.000000 -1.000000
vn 0.000000 0.000000 -1.000000
vn 0.000000 0.000000 -1.000000
vn 0.000000 0.000000 -1.000000
vn 0.000000 0.000000 -1.000000
vn 0.000000 -0.000000 -1.000000
vn 0.000000 0.000000 -1.000000
vn 0.000000 0.000000 -1.000000
vn 0.000000 0.000000 -1.000000
vn 0.000000 0.000000 -1.000000
vn -0.894427 0.447214 0.000000
vn -0.894427 0.447214 0.000000
vn -0.894427 0.447214 0.000000
vn 0.000000 1.000000 0.000000
vn 0.000000 1.000000 -0.000000
vn -0.894427 0.447214 0.000000
vn -0.894427 0.447214 0.000000
vn 0.894427 -0.447213 0.000000
vn 0.894427 -0.447213 0.000000
vn 0.894427 -0.447214 0.000003
vn 0.894427 -0.447214 0.000000
vn 0.894427 0.447214 0.000000
vn 0.894427 0.447214 -0.000000
vn 0.000000 -1.000000 0.000000
vn 0.000000 -1.000000 0.000000
vn 0.000000 -1.000000 0.000000
vn 0.000000 -1.000000 0.000000
vn -0.894427 -0.447214 0.000000
vn -0.894427 -0.447214 0.000000
vn -0.894427 -0.447214 0.000000
vn -0.894427 -0.447214 0.000000
vn 0.000000 1.000000 0.000000
vn 0.000000 1.000000 -0.000000
vn 0.894427 -0.447214 0.000000
vn 0.894427 -0.447214 0.000000
vn -1.000000 0.000000 0.000000
vn -1.000000 0.000000 -0.000002
vn -0.465040 -0.885290 0.000000
vn -0.488144 -0.872527 -0.020289
vn -0.510301 -0.859996 0.000364
vn -0.531549 -0.847027 -0.000388
vn -0.488050 -0.872576 -0.020460
vn -0.551868 -0.833792 -0.015244
vn -0.571587 -0.820539 0.001792
vn -0.549514 -0.835253 -0.019698
vn -0.590634 -0.806935 -0.002741
vn -0.609132 -0.792926 -0.015069
vn -0.626479 -0.779438 0.001000
vn -0.642603 -0.766198 -0.001308
vn -0.605151 -0.795773 -0.023205
vn -0.658488 -0.752449 -0.014654
vn -0.672723 -0.739894 -0.000763
vn -0.656459 -0.754128 -0.018776
vn -0.685215 -0.728341 0.000000
vn -0.685575 -0.728002 0.000642
vn -0.709497 -0.704706 -0.001849
vn -0.704021 -0.709587 -0.028998
vn -0.746977 -0.664847 0.001941
vn -0.752177 -0.658382 -0.027636
vn -0.790975 -0.611171 0.028783
vn -0.801344 -0.597601 -0.026848
vn -0.841087 -0.540194 0.027615
vn -0.851295 -0.523985 -0.027153
vn -0.890492 -0.454154 0.027721
vn -0.900577 -0.433796 -0.027983
vn -0.936685 -0.349008 0.028525
vn -0.945891 -0.323215 -0.028683
vn -0.973259 -0.228319 0.025258
vn -0.979178 -0.202344 -0.016372
vn -0.996130 -0.085183 0.021659
vn -0.997324 -0.073113 0.000000
vn 0.660513 -0.750815 0.000000
vn 0.660513 -0.750815 0.000000
vn 0.612174 -0.790723 0.000000
vn 0.612174 -0.790723 0.000000
vn 0.556747 -0.830682 0.000000
vn 0.556747 -0.830682 0.000000
vn 0.491945 -0.870626 0.000000
vn 0.491945 -0.870626 0.000000
vn 0.894447 0.447174 0.000000
vn 0.894447 0.447174 0.000000
vn 0.894447 0.447174 -0.000000
vn 0.894447 0.447174 -0.000002
vn 0.894427 0.447214 -0.000000
vn 0.894427 0.447214 0.000005
vn 0.000000 0.000000 1.000000
vn 0.000000 0.000000 1.000000
vn 0.000000 0.000000 1.000000
vn 0.000000 0.000000 1.000000
vn 0.000000 0.000000 1.000000
vn 0.000000 -0.000000 1.000000
vn 0.000000 0.000000 1.000000
vn 0.000000 0.000000 1.000000
vn 0.000000 0.000000 1.000000
vn 0.000000 -0.000000 1.000000
vn 0.000000 -0.000000 1.000000
vn 0.000000 -0.000000 1.000000
vn 0.000000 0.000000 1.000000
vn 0.000000 0.000000 1.000000
vn 0.000000 -0.000000 1.000000
vn 0.000000 0.000000 1.000000
vn 0.000000 0.000000 1.000000
vn 0.000000 0.000000 1.000000
vn 0.000000 -0.000000 1.000000
vn 0.000000 0.000000 1.000000
vn 0.000000 0.000000 1.000000
vn 0.894427 -0.447214 0.000000
vn 0.894427 -0.447214 -0.000002
vn 0.000000 0.000000 1.000000
vn 0.000000 0.000000 1.000000
vn 0.000000 0.000000 1.000000
vn 0.000000 0.000000 1.000000
vn 0.000000 0.000000 1.000000
vn 0.000000 0.000000 1.000000
vn 0.000000 0.000000 1.000000
vn 0.000000 0.000000 1.000000
vn 0.000000 0.000000 1.000000
vn -0.706495 0.707718 0.000000
vn -0.706495 0.707718 0.000000
vn 0.000000 0.000000 1.000000
vn 0.000000 0.000000 1.000000
vn 0.000000 0.000000 1.000000
vn 0.000000 0.000000 1.000000
vn 0.000000 0.000000 1.000000
vn 0.000000 0.000000 1.000000
vn 0.000000 0.000000 1.000000
vn 0.000000 0.000000 1.000000
vn 0.000000 -0.000000 1.000000
vn 0.000000 -0.000000 1.000000
vn 0.000000 -0.000000 1.000000
vn 0.000000 0.000000 1.000000
vn 0.000000 0.000000 1.000000
vn 0.000000 0.000000 1.000000
vn 0.000000 0.000000 1.000000
vn 0.000000 0.000000 1.000000
vn 0.000000 0.000000 1.000000
vn 0.000000 0.000000 1.000000
vn 0.000000 0.000000 1.000000
vn 0.000000 0.000000 1.000000
vn 0.000000 0.000000 1.000000
vn 0.000000 0.000000 1.000000
vn 0.000000 0.000000 1.000000
vn 0.000000 0.000000 1.000000
vn 0.000000 0.000000 1.000000
vn -0.707107 0.707107 0.000000
vn -0.707107 0.707107 0.000000
vn 0.000000 -1.000000 0.000000
vn 0.000000 -1.000000 0.000000
vn 0.894428 -0.447213 0.000000
vn 0.894428 -0.447213 0.000000
vn 0.000000 -1.000000 0.000000
vn 0.707107 -0.707106 0.000000
vn 0.707107 -0.707106 0.000000
vn 0.596769 0.802413 -0.000000
vn 0.630387 0.776269 -0.004198
vn 0.613070 0.789612 0.025651
vn 0.611436 0.790665 0.031546
vn 0.648146 0.761481 0.007272
vn 0.648762 0.760936 0.009194
vn 0.665555 0.746335 -0.004655
vn 0.682804 0.730601 0.000000
vn 0.677145 0.735723 0.013624
vn 0.000000 -1.000000 0.000000
vn 0.000000 1.000000 0.000000
vn 0.894447 0.447174 0.000000
vn 0.894447 0.447174 -0.000000
vn 0.894447 0.447174 -0.000000
vn 0.894447 0.447174 -0.000001
vn 0.000000 0.000000 -1.000000
vn 0.000000 0.000000 -1.000000
vn 0.000000 0.000000 -1.000000
vn 0.000000 0.000000 -1.000000
vn 0.000000 0.000000 -1.000000
vn 0.000000 0.000000 -1.000000
vn 0.894427 -0.447214 0.000000
vn 0.894427 -0.447214 0.000000
vn 0.000000 0.000000 1.000000
vn 0.000000 0.000000 1.000000
vn 0.000000 0.000000 1.000000
vn 0.707107 -0.707107 0.000000
vn 0.707107 -0.707107 0.000000
vn 0.000000 0.000000 1.000000
vn 0.000000 0.000000 1.000000
vn 0.000000 0.000000 1.000000
vn 0.000000 0.000000 1.000000
vn -0.209316 0.977848 0.000000
vn -0.209316 0.977848 0.000000
vn -0.241304 0.970450 0.000000
vn -0.241304 0.970450 0.000000
vn -1.000000 -0.000000 0.000000
vn -1.000000 -0.000000 -0.000002
vn -1.000000 -0.000000 0.000000
vn 0.000000 -1.000000 -0.000008
vn 0.000001 -1.000000 0.000000
vn -0.894427 -0.447214 0.000000
vn -0.894427 -0.447214 0.000000
vn 0.000000 -1.000000 0.000000
vn 0.000000 -1.000000 0.000000
vn 0.000001 -1.000000 0.000000
vn 0.000001 -1.000000 0.000000
vn 0.000000 0.000000 -1.000000
vn 0.894427 -0.447214 0.000000
vn 0.894427 -0.447214 0.000000
vn 0.000000 1.000000 -0.000000
vn 0.000000 1.000000 0.000000
vn -0.894427 -0.447214 0.000000
vn -0.894427 -0.447214 0.000000
vn 0.000000 0.000000 1.000000
f 1//1 2//1 3//1
f 1//2 3//2 4//2
f 5//3 2//3 1//3
f 6//4 2//4 5//4
f 7//5 2//5 6//5
f 8//6 2//6 7//6
f 9//7 2//7 8//7
f 10//8 11//8 12//8
f 10//9 9//9 11//9
f 10//10 2//10 9//10
f 13//11 2//11 10//11
f 14//12 15//12 16//12
f 16//13 17//13 18//13
f 18//14 17//14 19//14
f 19//15 17//15 20//15
f 15//16 17//16 16//16
f 20//17 21//17 22//17
f 22//18 21//18 23//18
f 17//19 21//19 20//19
f 21//20 24//20 23//20
f 24//21 25//21 26//21
f 26//22 25//22 27//22
f 27//23 25//23 28//23
f 21//24 25//24 24//24
f 25//25 29//25 28//25
f 29//26 1//26 4//26
f 25//27 30//27 29//27
f 29//28 30//28 1//28
f 30//29 5//29 1//29
f 5//30 31//30 6//30
f 30//31 31//31 5//31
f 6//32 32//32 7//32
f 31//33 32//33 6//33
f 7//34 33//34 8//34
f 32//35 33//35 7//35
f 33//36 9//36 8//36
f 33//37 34//37 9//37
f 34//38 11//38 9//38
f 34//39 35//39 11//39
f 35//40 12//40 11//40
f 35//41 36//41 12//41
f 36//42 10//42 12//42
f 36//43 37//43 10//43
f 16//44 38//44 14//44
f 18//45 38//45 16//45
f 19//46 39//46 38//46
f 19//47 38//47 18//47
f 20//48 39//48 19//48
f 22//49 39//49 20//49
f 40//50 41//50 42//50
f 40//51 42//51 39//51
f 40//52 39//52 22//52
f 40//53 22//53 43//53
f 23//54 43//54 22//54
f 44//55 43//55 23//55
f 29//56 45//56 28//56
f 4//57 3//57 46//57
f 4//58 46//58 29//58
f 46//59 45//59 29//59
f 45//60 47//60 28//60
f 47//61 48//61 27//61
f 48//62 49//62 26//62
f 49//63 44//63 24//63
f 23//64 24//64 44//64
f 24//65 26//65 49//65
f 26//66 27//66 48//66
f 27//67 28//67 47//67
f 37//68 13//68 10//68
f 13//69 50//69 51//69
f 13//70 52//70 50//70
f 37//71 52//71 13//71
f 2//72 13//72 3//72
f 3//73 13//73 51//73
f 53//74 30//74 54//74
f 53//75 31//75 30//75
f 54//76 25//76 55//76
f 30//77 25//77 54//77
f 56//78 32//78 53//78
f 53//79 32//79 31//79
f 55//80 21//80 57//80
f 25//81 21//81 55//81
f 58//82 33//82 56//82
f 56//83 33//83 32//83
f 21//84 17//84 57//84
f 57//85 17//85 59//85
f 60//86 34//86 58//86
f 58//87 34//87 33//87
f 17//88 15//88 59//88
f 59//89 15//89 61//89
f 60//90 35//90 34//90
f 62//91 35//91 60//91
f 62//92 36//92 35//92
f 63//93 36//93 62//93
f 63//94 37//94 36//94
f 64//95 37//95 63//95
f 15//96 65//96 61//96
f 15//97 66//97 65//97
f 66//98 67//98 65//98
f 67//99 68//99 65//99
f 67//100 69//100 68//100
f 69//101 70//101 68//101
f 69//102 71//102 70//102
f 71//103 72//103 70//103
f 71//104 73//104 72//104
f 73//105 74//105 72//105
f 64//106 75//106 37//106
f 73//107 76//107 74//107
f 76//108 77//108 74//108
f 78//109 79//109 52//109
f 79//110 80//110 52//110
f 76//111 81//111 77//111
f 81//112 82//112 77//112
f 80//113 83//113 52//113
f 81//114 84//114 82//114
f 80//115 85//115 83//115
f 84//116 86//116 82//116
f 87//117 88//117 84//117
f 84//118 88//118 86//118
f 85//119 89//119 83//119
f 90//120 91//120 87//120
f 87//121 91//121 88//121
f 85//122 92//122 89//122
f 93//123 94//123 90//123
f 90//124 94//124 91//124
f 93//125 95//125 94//125
f 92//126 96//126 89//126
f 92//127 97//127 96//127
f 97//128 98//128 96//128
f 97//129 99//129 98//129
f 99//130 100//130 98//130
f 100//131 101//131 102//131
f 99//132 101//132 100//132
f 101//133 103//133 102//133
f 102//134 103//134 104//134
f 103//135 105//135 104//135
f 104//136 105//136 106//136
f 106//137 107//137 108//137
f 105//138 107//138 106//138
f 107//139 109//139 108//139
f 108//140 109//140 110//140
f 109//141 111//141 110//141
f 93//142 111//142 95//142
f 109//143 112//143 111//143
f 111//144 112//144 95//144
f 52//145 37//145 78//145
f 78//146 37//146 75//146
f 71//147 69//147 41//147
f 41//148 69//148 42//148
f 42//149 67//149 39//149
f 69//150 67//150 42//150
f 39//151 66//151 38//151
f 67//152 66//152 39//152
f 38//153 15//153 14//153
f 66//154 15//154 38//154
f 40//155 113//155 114//155
f 40//156 114//156 115//156
f 40//157 115//157 116//157
f 40//158 116//158 117//158
f 40//159 117//159 118//159
f 40//160 118//160 119//160
f 40//161 119//161 41//161
f 120//162 113//162 40//162
f 40//163 121//163 120//163
f 122//164 40//164 43//164
f 122//165 121//165 40//165
f 44//166 122//166 43//166
f 49//167 122//167 44//167
f 123//168 49//168 48//168
f 123//169 122//169 49//169
f 47//170 123//170 48//170
f 124//171 123//171 47//171
f 45//172 124//172 47//172
f 125//173 45//173 46//173
f 125//174 124//174 45//174
f 2//175 125//175 46//175
f 2//176 46//176 3//176
f 52//177 83//177 50//177
f 50//178 83//178 126//178
f 126//179 89//179 127//179
f 83//180 89//180 126//180
f 126//181 127//181 128//181
f 50//182 128//182 129//182
f 50//183 129//183 51//183
f 50//184 126//184 128//184
f 130//185 3//185 131//185
f 132//186 3//186 130//186
f 132//187 130//187 133//187
f 134//188 132//188 133//188
f 135//189 130//189 136//189
f 135//190 133//190 130//190
f 51//191 129//191 135//191
f 51//192 136//192 131//192
f 51//193 131//193 3//193
f 51//194 135//194 136//194
f 112//195 109//195 137//195
f 137//196 109//196 138//196
f 109//197 139//197 138//197
f 109//198 107//198 139//198
f 139//199 105//199 140//199
f 107//200 105//200 139//200
f 140//201 103//201 141//201
f 105//202 103//202 140//202
f 141//203 101//203 142//203
f 103//204 101//204 141//204
f 143//205 144//205 145//205
f 145//206 146//206 143//206
f 146//207 95//207 147//207
f 145//208 95//208 146//208
f 147//209 137//209 144//209
f 144//210 137//210 145//210
f 95//211 112//211 147//211
f 147//212 112//212 137//212
f 61//213 65//213 148//213
f 148//214 65//214 149//214
f 149//215 68//215 150//215
f 65//216 68//216 149//216
f 150//217 70//217 151//217
f 68//218 70//218 150//218
f 151//219 72//219 152//219
f 70//220 72//220 151//220
f 152//221 74//221 153//221
f 72//222 74//222 152//222
f 153//223 77//223 154//223
f 74//224 77//224 153//224
f 154//225 82//225 155//225
f 77//226 82//226 154//226
f 155//227 86//227 156//227
f 82//228 86//228 155//228
f 156//229 88//229 157//229
f 86//230 88//230 156//230
f 157//231 91//231 158//231
f 88//232 91//232 157//232
f 158//233 94//233 159//233
f 159//234 94//234 145//234
f 91//235 94//235 158//235
f 94//236 95//236 145//236
f 64//237 63//237 160//237
f 160//238 63//238 161//238
f 161//239 62//239 162//239
f 63//240 62//240 161//240
f 162//241 60//241 163//241
f 163//242 60//242 164//242
f 62//243 60//243 162//243
f 60//244 58//244 164//244
f 164//245 56//245 165//245
f 58//246 56//246 164//246
f 165//247 53//247 166//247
f 56//248 53//248 165//248
f 166//249 54//249 167//249
f 53//250 54//250 166//250
f 167//251 55//251 168//251
f 54//252 55//252 167//252
f 168//253 57//253 169//253
f 55//254 57//254 168//254
f 169//255 59//255 170//255
f 170//256 59//256 148//256
f 57//257 59//257 169//257
f 59//258 61//258 148//258
f 75//259 171//259 172//259
f 172//260 171//260 160//260
f 171//261 173//261 160//261
f 75//262 174//262 171//262
f 175//263 64//263 173//263
f 174//264 64//264 175//264
f 173//265 64//265 160//265
f 75//266 64//266 174//266
f 75//267 176//267 78//267
f 176//268 79//268 78//268
f 176//269 80//269 79//269
f 101//270 99//270 142//270
f 142//271 99//271 177//271
f 177//272 97//272 178//272
f 99//273 97//273 177//273
f 97//274 179//274 178//274
f 97//275 92//275 179//275
f 179//276 85//276 180//276
f 92//277 85//277 179//277
f 180//278 80//278 181//278
f 85//279 80//279 180//279
f 93//280 90//280 113//280
f 113//281 90//281 114//281
f 114//282 87//282 115//282
f 90//283 87//283 114//283
f 115//284 84//284 116//284
f 87//285 84//285 115//285
f 116//286 81//286 117//286
f 84//287 81//287 116//287
f 117//288 76//288 118//288
f 81//289 76//289 117//289
f 118//290 73//290 119//290
f 76//291 73//291 118//291
f 119//292 71//292 41//292
f 73//293 71//293 119//293
f 111//294 121//294 182//294
f 182//295 121//295 120//295
f 121//296 113//296 120//296
f 121//297 93//297 113//297
f 111//298 93//298 121//298
f 102//299 104//299 183//299
f 183//300 104//300 184//300
f 184//301 106//301 185//301
f 104//302 106//302 184//302
f 106//303 186//303 185//303
f 106//304 108//304 186//304
f 186//305 110//305 187//305
f 108//306 110//306 186//306
f 187//307 111//307 182//307
f 110//308 111//308 187//308
f 89//309 96//309 127//309
f 127//310 96//310 188//310
f 188//311 98//311 189//311
f 96//312 98//312 188//312
f 189//313 100//313 190//313
f 98//314 100//314 189//314
f 190//315 102//315 183//315
f 100//316 102//316 190//316
f 191//317 122//317 123//317
f 192//318 121//318 122//318
f 192//319 122//319 191//319
f 193//320 194//320 121//320
f 193//321 121//321 192//321
f 2//322 123//322 124//322
f 2//323 124//323 125//323
f 2//324 191//324 123//324
f 195//325 196//325 194//325
f 195//326 194//326 193//326
f 187//327 182//327 120//327
f 197//328 187//328 120//328
f 186//329 187//329 197//329
f 198//330 197//330 132//330
f 185//331 186//331 197//331
f 185//332 197//332 198//332
f 184//333 185//333 198//333
f 190//334 183//334 184//334
f 190//335 184//335 198//335
f 189//336 198//336 128//336
f 189//337 190//337 198//337
f 188//338 189//338 128//338
f 127//339 188//339 128//339
f 197//340 199//340 132//340
f 128//341 200//341 129//341
f 201//342 128//342 198//342
f 201//343 200//343 128//343
f 202//344 203//344 135//344
f 135//345 203//345 133//345
f 200//346 202//346 129//346
f 129//347 202//347 135//347
f 132//348 199//348 204//348
f 132//349 204//349 205//349
f 3//350 132//350 205//350
f 198//351 132//351 134//351
f 203//352 134//352 133//352
f 134//353 201//353 198//353
f 203//354 201//354 134//354
f 206//355 207//355 131//355
f 131//356 207//356 130//356
f 208//357 206//357 136//357
f 136//358 206//358 131//358
f 207//359 208//359 130//359
f 130//360 208//360 136//360
f 209//361 166//361 167//361
f 210//362 167//362 168//362
f 210//363 209//363 167//363
f 211//364 165//364 166//364
f 211//365 166//365 209//365
f 212//366 168//366 169//366
f 212//367 210//367 168//367
f 213//368 164//368 165//368
f 213//369 165//369 211//369
f 214//370 169//370 170//370
f 214//371 212//371 169//371
f 215//372 163//372 164//372
f 215//373 164//373 213//373
f 216//374 214//374 170//374
f 217//375 163//375 215//375
f 217//376 162//376 163//376
f 218//377 216//377 170//377
f 218//378 170//378 148//378
f 219//379 162//379 217//379
f 219//380 161//380 162//380
f 220//381 161//381 219//381
f 220//382 160//382 161//382
f 149//383 218//383 148//383
f 221//384 218//384 149//384
f 150//385 221//385 149//385
f 222//386 221//386 150//386
f 151//387 222//387 150//387
f 223//388 222//388 151//388
f 152//389 223//389 151//389
f 224//390 223//390 152//390
f 153//391 224//391 152//391
f 225//392 224//392 153//392
f 172//393 160//393 220//393
f 154//394 225//394 153//394
f 226//395 225//395 154//395
f 227//396 228//396 229//396
f 181//397 227//397 229//397
f 155//398 230//398 226//398
f 155//399 226//399 154//399
f 231//400 181//400 229//400
f 180//401 181//401 231//401
f 156//402 232//402 230//402
f 156//403 230//403 155//403
f 157//404 233//404 232//404
f 157//405 232//405 156//405
f 158//406 234//406 233//406
f 158//407 233//407 157//407
f 179//408 231//408 235//408
f 179//409 180//409 231//409
f 159//410 236//410 234//410
f 159//411 234//411 158//411
f 145//412 236//412 159//412
f 178//413 235//413 237//413
f 178//414 179//414 235//414
f 238//415 178//415 237//415
f 177//416 178//416 238//416
f 239//417 177//417 238//417
f 142//418 239//418 240//418
f 142//419 177//419 239//419
f 141//420 240//420 241//420
f 141//421 142//421 240//421
f 140//422 241//422 242//422
f 140//423 141//423 241//423
f 139//424 242//424 243//424
f 139//425 140//425 242//425
f 138//426 139//426 243//426
f 138//427 243//427 244//427
f 245//428 138//428 244//428
f 245//429 236//429 145//429
f 137//430 245//430 145//430
f 137//431 138//431 245//431
f 220//432 229//432 228//432
f 220//433 228//433 172//433
f 146//434 147//434 143//434
f 143//435 147//435 144//435
f 246//436 247//436 248//436
f 246//437 248//437 249//437
f 246//438 249//438 250//438
f 251//439 246//439 250//439
f 252//440 250//440 253//440
f 252//441 251//441 250//441
f 254//442 253//442 255//442
f 254//443 252//443 253//443
f 256//444 255//444 257//444
f 256//445 254//445 255//445
f 258//446 257//446 259//446
f 258//447 256//447 257//447
f 260//448 259//448 261//448
f 260//449 261//449 262//449
f 260//450 258//450 259//450
f 263//451 260//451 262//451
f 264//452 262//452 265//452
f 264//453 263//453 262//453
f 266//454 265//454 267//454
f 266//455 264//455 265//455
f 268//456 267//456 269//456
f 268//457 266//457 267//457
f 270//458 269//458 271//458
f 270//459 268//459 269//459
f 272//460 270//460 271//460
f 272//461 271//461 273//461
f 274//462 272//462 273//462
f 274//463 273//463 275//463
f 274//464 275//464 276//464
f 277//465 274//465 276//465
f 278//466 277//466 276//466
f 278//467 276//467 279//467
f 280//468 278//468 279//468
f 280//469 279//469 281//469
f 280//470 281//470 282//470
f 283//471 280//471 282//471
f 284//472 283//472 282//472
f 284//473 282//473 285//473
f 284//474 285//474 286//474
f 287//475 284//475 286//475
f 287//476 286//476 288//476
f 289//477 287//477 288//477
f 172//478 289//478 288//478
f 172//479 288//479 75//479
f 174//480 290//480 291//480
f 174//481 291//481 171//481
f 173//482 171//482 291//482
f 175//483 173//483 291//483
f 290//484 175//484 291//484
f 174//485 175//485 290//485
f 276//486 292//486 279//486
f 279//487 293//487 281//487
f 292//488 293//488 279//488
f 275//489 294//489 276//489
f 276//490 294//490 292//490
f 281//491 295//491 282//491
f 293//492 295//492 281//492
f 273//493 296//493 275//493
f 275//494 296//494 294//494
f 282//495 297//495 285//495
f 295//496 297//496 282//496
f 271//497 298//497 273//497
f 273//498 298//498 296//498
f 285//499 299//499 286//499
f 297//500 299//500 285//500
f 269//501 300//501 271//501
f 271//502 300//502 298//502
f 286//503 301//503 288//503
f 299//504 301//504 286//504
f 269//505 302//505 300//505
f 288//506 303//506 75//506
f 301//507 303//507 288//507
f 269//508 267//508 302//508
f 267//509 304//509 302//509
f 305//510 176//510 303//510
f 303//511 176//511 75//511
f 305//512 306//512 176//512
f 267//513 265//513 304//513
f 304//514 265//514 307//514
f 306//515 308//515 176//515
f 265//516 262//516 307//516
f 307//517 262//517 309//517
f 308//518 80//518 176//518
f 308//519 310//519 80//519
f 262//520 261//520 309//520
f 309//521 261//521 311//521
f 308//522 312//522 310//522
f 313//523 312//523 308//523
f 313//524 248//524 312//524
f 314//525 248//525 313//525
f 311//526 259//526 315//526
f 261//527 259//527 311//527
f 316//528 249//528 314//528
f 314//529 249//529 248//529
f 315//530 257//530 317//530
f 259//531 257//531 315//531
f 318//532 250//532 316//532
f 316//533 250//533 249//533
f 317//534 255//534 319//534
f 257//535 255//535 317//535
f 319//536 253//536 318//536
f 255//537 253//537 319//537
f 318//538 253//538 250//538
f 181//539 80//539 310//539
f 320//540 181//540 310//540
f 321//541 310//541 312//541
f 321//542 320//542 310//542
f 247//543 312//543 248//543
f 247//544 321//544 312//544
f 121//545 194//545 120//545
f 120//546 194//546 322//546
f 194//547 196//547 322//547
f 322//548 196//548 323//548
f 196//549 195//549 323//549
f 323//550 195//550 324//550
f 195//551 325//551 324//551
f 325//552 193//552 326//552
f 195//553 193//553 325//553
f 193//554 192//554 326//554
f 326//555 192//555 327//555
f 192//556 191//556 328//556
f 328//557 191//557 329//557
f 191//558 2//558 329//558
f 329//559 2//559 3//559
f 323//560 120//560 322//560
f 330//561 120//561 323//561
f 324//562 330//562 323//562
f 331//563 330//563 324//563
f 199//564 324//564 325//564
f 199//565 331//565 324//565
f 332//566 120//566 330//566
f 332//567 331//567 199//567
f 197//568 120//568 332//568
f 197//569 332//569 199//569
f 200//570 201//570 203//570
f 200//571 203//571 202//571
f 3//572 327//572 329//572
f 205//573 326//573 327//573
f 205//574 327//574 3//574
f 204//575 325//575 326//575
f 204//576 326//576 205//576
f 199//577 325//577 204//577
f 208//578 207//578 206//578
f 333//579 172//579 228//579
f 227//580 333//580 228//580
f 181//581 333//581 227//581
f 334//582 335//582 239//582
f 334//583 239//583 238//583
f 336//584 238//584 237//584
f 336//585 334//585 238//585
f 337//586 237//586 235//586
f 337//587 336//587 237//587
f 338//588 235//588 231//588
f 338//589 337//589 235//589
f 339//590 231//590 229//590
f 339//591 338//591 231//591
f 340//592 341//592 243//592
f 340//593 243//593 242//593
f 342//594 242//594 241//594
f 342//595 340//595 242//595
f 343//596 241//596 240//596
f 343//597 342//597 241//597
f 335//598 240//598 239//598
f 335//599 343//599 240//599
f 344//600 339//600 229//600
f 345//601 339//601 344//601
f 220//602 344//602 229//602
f 346//603 345//603 344//603
f 346//604 344//604 220//604
f 347//605 348//605 245//605
f 347//606 245//606 244//606
f 243//607 347//607 244//607
f 341//608 347//608 243//608
f 349//609 346//609 220//609
f 349//610 220//610 219//610
f 350//611 219//611 217//611
f 350//612 349//612 219//612
f 351//613 217//613 215//613
f 351//614 350//614 217//614
f 213//615 351//615 215//615
f 352//616 351//616 213//616
f 353//617 213//617 211//617
f 353//618 352//618 213//618
f 354//619 211//619 209//619
f 354//620 353//620 211//620
f 355//621 209//621 210//621
f 355//622 354//622 209//622
f 356//623 357//623 236//623
f 245//624 356//624 236//624
f 348//625 358//625 356//625
f 348//626 356//626 245//626
f 359//627 355//627 210//627
f 359//628 210//628 212//628
f 360//629 212//629 214//629
f 360//630 359//630 212//630
f 216//631 360//631 214//631
f 361//632 360//632 216//632
f 362//633 216//633 218//633
f 362//634 361//634 216//634
f 363//635 362//635 218//635
f 363//636 218//636 221//636
f 364//637 221//637 222//637
f 364//638 363//638 221//638
f 365//639 222//639 223//639
f 365//640 364//640 222//640
f 366//641 223//641 224//641
f 367//642 365//642 223//642
f 367//643 223//643 366//643
f 368//644 366//644 224//644
f 225//645 368//645 224//645
f 369//646 368//646 225//646
f 226//647 369//647 225//647
f 370//648 369//648 226//648
f 230//649 370//649 226//649
f 371//650 370//650 230//650
f 372//651 230//651 232//651
f 372//652 371//652 230//652
f 373//653 232//653 233//653
f 373//654 372//654 232//654
f 374//655 233//655 234//655
f 374//656 373//656 233//656
f 357//657 234//657 236//657
f 357//658 374//658 234//658
f 375//659 277//659 278//659
f 376//660 278//660 280//660
f 376//661 375//661 278//661
f 377//662 274//662 277//662
f 377//663 277//663 375//663
f 378//664 280//664 283//664
f 378//665 376//665 280//665
f 379//666 272//666 274//666
f 379//667 274//667 377//667
f 380//668 283//668 284//668
f 380//669 378//669 283//669
f 381//670 270//670 272//670
f 381//671 272//671 379//671
f 382//672 284//672 287//672
f 382//673 380//673 284//673
f 383//674 268//674 270//674
f 383//675 270//675 381//675
f 384//676 287//676 289//676
f 384//677 382//677 287//677
f 385//678 268//678 383//678
f 386//679 289//679 172//679
f 386//680 384//680 289//680
f 266//681 268//681 385//681
f 387//682 266//682 385//682
f 333//683 388//683 386//683
f 333//684 386//684 172//684
f 389//685 388//685 333//685
f 264//686 266//686 387//686
f 264//687 387//687 390//687
f 391//688 389//688 333//688
f 263//689 264//689 390//689
f 263//690 390//690 392//690
f 181//691 391//691 333//691
f 320//692 391//692 181//692
f 260//693 263//693 392//693
f 260//694 392//694 393//694
f 321//695 391//695 320//695
f 321//696 394//696 391//696
f 247//697 394//697 321//697
f 247//698 395//698 394//698
f 258//699 393//699 396//699
f 258//700 260//700 393//700
f 246//701 397//701 395//701
f 246//702 395//702 247//702
f 256//703 396//703 398//703
f 256//704 258//704 396//704
f 251//705 399//705 397//705
f 251//706 397//706 246//706
f 254//707 398//707 400//707
f 254//708 256//708 398//708
f 252//709 400//709 399//709
f 252//710 254//710 400//710
f 252//711 399//711 251//711
f 401//712 395//712 402//712
f 402//713 395//713 314//713
f 314//714 397//714 316//714
f 395//715 397//715 314//715
f 316//716 399//716 318//716
f 397//717 399//717 316//717
f 318//718 400//718 319//718
f 399//719 400//719 318//719
f 319//720 398//720 317//720
f 400//721 398//721 319//721
f 317//722 396//722 315//722
f 398//723 396//723 317//723
f 315//724 393//724 311//724
f 396//725 393//725 315//725
f 311//726 392//726 309//726
f 393//727 392//727 311//727
f 309//728 390//728 307//728
f 307//729 390//729 304//729
f 392//730 390//730 309//730
f 390//731 387//731 304//731
f 387//732 385//732 304//732
f 304//733 385//733 302//733
f 385//734 383//734 302//734
f 302//735 383//735 300//735
f 300//736 383//736 298//736
f 383//737 381//737 298//737
f 298//738 381//738 296//738
f 381//739 379//739 296//739
f 379//740 377//740 296//740
f 296//741 377//741 294//741
f 377//742 375//742 294//742
f 294//743 375//743 292//743
f 375//744 376//744 292//744
f 292//745 376//745 293//745
f 376//746 378//746 293//746
f 293//747 378//747 295//747
f 378//748 380//748 295//748
f 295//749 380//749 297//749
f 380//750 382//750 297//750
f 297//751 382//751 299//751
f 299//752 382//752 301//752
f 382//753 384//753 301//753
f 384//754 386//754 301//754
f 301//755 386//755 303//755
f 303//756 386//756 305//756
f 386//757 388//757 305//757
f 305//758 389//758 306//758
f 388//759 389//759 305//759
f 306//760 391//760 308//760
f 389//761 391//761 306//761
f 391//762 401//762 308//762
f 308//763 401//763 402//763
f 327//764 192//764 328//764
f 403//765 404//765 330//765
f 330//766 404//766 332//766
f 405//767 403//767 331//767
f 331//768 403//768 330//768
f 404//769 405//769 332//769
f 332//770 405//770 331//770
f 338//771 339//771 345//771
f 406//772 338//772 345//772
f 337//773 338//773 406//773
f 407//774 406//774 408//774
f 336//775 337//775 406//775
f 336//776 406//776 407//776
f 334//777 336//777 407//777
f 343//778 335//778 334//778
f 343//779 334//779 407//779
f 342//780 407//780 409//780
f 342//781 343//781 407//781
f 340//782 342//782 409//782
f 341//783 340//783 409//783
f 406//784 410//784 408//784
f 411//785 346//785 349//785
f 411//786 349//786 350//786
f 411//787 350//787 351//787
f 411//788 351//788 352//788
f 411//789 352//789 353//789
f 411//790 353//790 354//790
f 411//791 354//791 355//791
f 345//792 346//792 411//792
f 347//793 341//793 409//793
f 348//794 409//794 412//794
f 348//795 412//795 358//795
f 348//796 347//796 409//796
f 368//797 413//797 366//797
f 369//798 413//798 368//798
f 370//799 413//799 369//799
f 371//800 413//800 370//800
f 414//801 415//801 413//801
f 414//802 374//802 357//802
f 414//803 373//803 374//803
f 414//804 372//804 373//804
f 414//805 371//805 372//805
f 414//806 413//806 371//806
f 356//807 414//807 357//807
f 358//808 412//808 356//808
f 356//809 412//809 414//809
f 363//810 360//810 361//810
f 363//811 361//811 362//811
f 364//812 360//812 363//812
f 411//813 355//813 359//813
f 416//814 367//814 413//814
f 413//815 367//815 366//815
f 404//816 403//816 405//816
f 412//817 409//817 414//817
f 409//818 415//818 414//818
f 409//819 407//819 415//819
f 407//820 408//820 415//820
f 408//821 413//821 415//821
f 408//822 416//822 413//822
f 408//823 410//823 417//823
f 408//824 417//824 416//824
f 417//825 410//825 418//825
f 410//826 419//826 418//826
f 410//827 406//827 419//827
f 406//828 345//828 419//828
f 419//829 345//829 344//829
f 345//830 411//830 344//830
f 411//831 420//831 344//831
f 411//832 421//832 420//832
f 421//833 422//833 420//833
f 420//834 422//834 423//834
f 422//835 424//835 423//835
f 422//836 425//836 424//836
f 424//837 426//837 427//837
f 425//838 426//838 424//838
f 426//839 416//839 427//839
f 427//840 416//840 413//840
f 416//841 418//841 413//841
f 416//842 417//842 418//842
f 413//843 420//843 423//843
f 413//844 423//844 424//844
f 413//845 424//845 427//845
f 418//846 344//846 420//846
f 418//847 420//847 413//847
f 419//848 344//848 418//848
f 3//849 428//849 197//849
f 429//850 430//850 428//850
f 429//851 428//851 3//851
f 430//852 431//852 428//852
f 428//853 431//853 121//853
f 428//854 121//854 197//854
f 197//855 121//855 120//855
f 432//856 429//856 3//856
f 432//857 3//857 433//857
f 434//858 429//858 435//858
f 436//859 429//859 434//859
f 437//860 434//860 438//860
f 437//861 436//861 434//861
f 439//862 430//862 440//862
f 432//863 441//863 437//863
f 432//864 438//864 435//864
f 432//865 437//865 438//865
f 432//866 435//866 429//866
f 430//867 429//867 436//867
f 430//868 436//868 440//868
f 3//869 130//869 131//869
f 3//870 133//870 130//870
f 130//871 135//871 136//871
f 133//872 135//872 130//872
f 197//873 198//873 133//873
f 129//874 433//874 135//874
f 136//875 433//875 131//875
f 131//876 433//876 3//876
f 135//877 433//877 136//877
f 3//878 197//878 133//878
f 442//879 111//879 431//879
f 430//880 443//880 442//880
f 430//881 442//881 431//881
f 444//882 443//882 430//882
f 439//883 444//883 430//883
f 445//884 444//884 439//884
f 446//885 445//885 439//885
f 100//886 102//886 446//886
f 100//887 446//887 439//887
f 98//888 100//888 439//888
f 96//889 439//889 440//889
f 96//890 98//890 439//890
f 89//891 96//891 440//891
f 121//892 111//892 182//892
f 121//893 182//893 120//893
f 431//894 111//894 121//894
f 182//895 447//895 120//895
f 448//896 197//896 447//896
f 447//897 197//897 120//897
f 448//898 449//898 197//898
f 449//899 198//899 197//899
f 449//900 450//900 198//900
f 450//901 451//901 198//901
f 183//902 190//902 451//902
f 451//903 190//903 198//903
f 198//904 189//904 452//904
f 190//905 189//905 198//905
f 189//906 188//906 452//906
f 188//907 127//907 452//907
f 441//908 432//908 433//908
f 441//909 433//909 129//909
f 453//910 436//910 133//910
f 440//911 436//911 453//911
f 198//912 453//912 133//912
f 201//913 453//913 198//913
f 436//914 437//914 135//914
f 436//915 135//915 133//915
f 437//916 441//916 129//916
f 437//917 129//917 135//917
f 434//918 435//918 131//918
f 434//919 131//919 130//919
f 435//920 438//920 136//920
f 435//921 136//921 131//921
f 438//922 434//922 130//922
f 438//923 130//923 136//923
f 96//924 89//924 127//924
f 96//925 127//925 188//925
f 98//926 188//926 189//926
f 98//927 96//927 188//927
f 100//928 189//928 190//928
f 100//929 98//929 189//929
f 102//930 190//930 183//930
f 102//931 100//931 190//931
f 454//932 440//932 453//932
f 127//933 454//933 452//933
f 89//934 454//934 127//934
f 89//935 440//935 454//935
f 446//936 102//936 183//936
f 446//937 183//937 451//937
f 445//938 451//938 450//938
f 445//939 446//939 451//939
f 444//940 450//940 449//940
f 444//941 445//941 450//941
f 443//942 449//942 448//942
f 443//943 444//943 449//943
f 442//944 448//944 447//944
f 442//945 443//945 448//945
f 111//946 447//946 182//946
f 111//947 442//947 447//947
f 454//948 198//948 452//948
f 454//949 201//949 198//949
f 201//950 454//950 453//950
f 335//951 455//951 239//951
f 239//952 455//952 456//952
f 456//953 457//953 458//953
f 455//954 457//954 456//954
f 458//955 459//955 460//955
f 457//956 459//956 458//956
f 460//957 461//957 462//957
f 459//958 461//958 460//958
f 461//959 463//959 462//959
f 461//960 464//960 463//960
f 463//961 339//961 229//961
f 464//962 339//962 463//962
f 341//963 340//963 243//963
f 243//964 340//964 242//964
f 242//965 342//965 241//965
f 340//966 342//966 242//966
f 241//967 343//967 240//967
f 342//968 343//968 241//968
f 240//969 335//969 239//969
f 343//970 335//970 240//970
f 339//971 344//971 229//971
f 339//972 465//972 344//972
f 344//973 220//973 229//973
f 465//974 346//974 344//974
f 344//975 346//975 220//975
f 339//976 464//976 465//976
f 461//977 406//977 464//977
f 464//978 406//978 465//978
f 461//979 459//979 406//979
f 406//980 407//980 466//980
f 459//981 407//981 406//981
f 459//982 457//982 407//982
f 457//983 455//983 407//983
f 335//984 343//984 455//984
f 455//985 343//985 407//985
f 407//986 342//986 467//986
f 343//987 342//987 407//987
f 342//988 340//988 467//988
f 340//989 341//989 467//989
f 468//990 406//990 466//990
f 220//991 469//991 470//991
f 471//992 470//992 472//992
f 471//993 472//993 473//993
f 471//994 473//994 474//994
f 471//995 474//995 475//995
f 471//996 475//996 476//996
f 471//997 476//997 477//997
f 471//998 220//998 470//998
f 463//999 229//999 220//999
f 478//1000 462//1000 463//1000
f 478//1001 220//1001 471//1001
f 478//1002 463//1002 220//1002
f 460//1003 462//1003 478//1003
f 479//1004 460//1004 478//1004
f 458//1005 460//1005 479//1005
f 456//1006 458//1006 479//1006
f 240//1007 239//1007 456//1007
f 240//1008 456//1008 479//1008
f 241//1009 240//1009 479//1009
f 242//1010 479//1010 480//1010
f 242//1011 241//1011 479//1011
f 243//1012 242//1012 480//1012
f 481//1013 482//1013 477//1013
f 481//1014 483//1014 482//1014
f 482//1015 471//1015 477//1015
f 482//1016 484//1016 471//1016
f 484//1017 485//1017 471//1017
f 468//1018 466//1018 484//1018
f 484//1019 466//1019 485//1019
f 485//1020 480//1020 471//1020
f 486//1021 243//1021 480//1021
f 467//1022 341//1022 486//1022
f 486//1023 341//1023 243//1023
f 485//1024 486//1024 480//1024
f 346//1025 483//1025 487//1025
f 487//1026 483//1026 488//1026
f 488//1027 483//1027 489//1027
f 489//1028 483//1028 490//1028
f 490//1029 483//1029 491//1029
f 491//1030 483//1030 492//1030
f 492//1031 483//1031 493//1031
f 493//1032 483//1032 481//1032
f 346//1033 465//1033 483//1033
f 346//1034 487//1034 220//1034
f 220//1035 487//1035 469//1035
f 469//1036 488//1036 470//1036
f 487//1037 488//1037 469//1037
f 470//1038 489//1038 472//1038
f 488//1039 489//1039 470//1039
f 472//1040 490//1040 473//1040
f 489//1041 490//1041 472//1041
f 473//1042 491//1042 474//1042
f 490//1043 491//1043 473//1043
f 474//1044 492//1044 475//1044
f 491//1045 492//1045 474//1045
f 475//1046 493//1046 476//1046
f 492//1047 493//1047 475//1047
f 476//1048 481//1048 477//1048
f 493//1049 481//1049 476//1049
f 407//1050 467//1050 486//1050
f 407//1051 486//1051 415//1051
f 466//1052 407//1052 415//1052
f 466//1053 415//1053 485//1053
f 406//1054 468//1054 484//1054
f 406//1055 484//1055 419//1055
f 465//1056 406//1056 419//1056
f 465//1057 419//1057 344//1057
f 494//1058 480//1058 495//1058
f 480//1059 496//1059 495//1059
f 480//1060 479//1060 496//1060
f 479//1061 478//1061 496//1061
f 496//1062 478//1062 497//1062
f 478//1063 471//1063 497//1063
f 471//1064 498//1064 497//1064
f 471//1065 499//1065 498//1065
f 482//1066 465//1066 344//1066
f 483//1067 465//1067 482//1067
f 344//1068 484//1068 482//1068
f 344//1069 419//1069 484//1069
f 415//1070 486//1070 485//1070
f 471//1071 500//1071 499//1071
f 471//1072 501//1072 500//1072
f 471//1073 494//1073 501//1073
f 471//1074 480//1074 494//1074
f 501//1075 502//1075 503//1075
f 494//1076 502//1076 501//1076
f 504//1077 505//1077 502//1077
f 503//1078 505//1078 500//1078
f 500//1079 505//1079 499//1079
f 502//1080 505//1080 503//1080
f 502//1081 494//1081 506//1081
f 506//1082 494//1082 495//1082
f 507//1083 498//1083 508//1083
f 495//1084 498//1084 507//1084
f 506//1085 507//1085 509//1085
f 506//1086 495//1086 507//1086
f 496//1087 497//1087 495//1087
f 510//1088 511//1088 506//1088
f 510//1089 509//1089 508//1089
f 510//1090 508//1090 498//1090
f 510//1091 506//1091 509//1091
f 497//1092 498//1092 495//1092
f 499//1093 505//1093 498//1093
f 498//1094 505//1094 510//1094
f 504//1095 502//1095 511//1095
f 511//1096 502//1096 506//1096
f 505//1097 504//1097 510//1097
f 510//1098 504//1098 511//1098
f 500//1099 501//1099 508//1099
f 508//1100 501//1100 507//1100
f 503//1101 500//1101 509//1101
f 509//1102 500//1102 508//1102
f 501//1103 503//1103 507//1103
f 507//1104 503//1104 509//1104
f 113//1105 121//1105 120//1105
f 93//1106 431//1106 121//1106
f 93//1107 121//1107 113//1107
f 512//1108 431//1108 93//1108
f 512//1109 93//1109 513//1109
f 512//1110 513//1110 514//1110
f 512//1111 514//1111 515//1111
f 516//1112 515//1112 517//1112
f 516//1113 517//1113 518//1113
f 516//1114 518//1114 519//1114
f 516//1115 519//1115 520//1115
f 516//1116 520//1116 71//1116
f 516//1117 512//1117 515//1117
f 521//1118 522//1118 512//1118
f 521//1119 512//1119 516//1119
f 513//1120 93//1120 113//1120
f 513//1121 113//1121 523//1121
f 514//1122 523//1122 524//1122
f 514//1123 513//1123 523//1123
f 515//1124 524//1124 525//1124
f 515//1125 514//1125 524//1125
f 517//1126 525//1126 526//1126
f 517//1127 515//1127 525//1127
f 518//1128 526//1128 527//1128
f 518//1129 517//1129 526//1129
f 519//1130 527//1130 528//1130
f 519//1131 518//1131 527//1131
f 520//1132 528//1132 529//1132
f 520//1133 519//1133 528//1133
f 41//1134 520//1134 529//1134
f 71//1135 520//1135 41//1135
f 113//1136 530//1136 523//1136
f 523//1137 530//1137 524//1137
f 524//1138 530//1138 525//1138
f 525//1139 530//1139 526//1139
f 526//1140 530//1140 527//1140
f 527//1141 530//1141 528//1141
f 528//1142 530//1142 529//1142
f 529//1143 530//1143 41//1143
f 113//1144 120//1144 530//1144
f 121//1145 530//1145 120//1145
f 121//1146 531//1146 530//1146
f 431//1147 512//1147 121//1147
f 121//1148 512//1148 194//1148
f 512//1149 522//1149 194//1149
f 194//1150 522//1150 196//1150
f 522//1151 521//1151 196//1151
f 196//1152 521//1152 195//1152
f 521//1153 516//1153 195//1153
f 195//1154 516//1154 532//1154
f 531//1155 71//1155 41//1155
f 531//1156 41//1156 530//1156
f 516//1157 531//1157 532//1157
f 516//1158 71//1158 531//1158
f 121//1159 194//1159 531//1159
f 194//1160 532//1160 531//1160
f 196//1161 195//1161 194//1161
f 194//1162 195//1162 532//1162
f 533//1163 534//1163 535//1163
f 534//1164 533//1164 403//1164
f 403//1165 533//1165 404//1165
f 533//1166 535//1166 404//1166
f 404//1167 535//1167 405//1167
f 535//1168 534//1168 405//1168
f 405//1169 534//1169 403//1169
f 403//1170 404//1170 405//1170
f 536//1171 499//1171 537//1171
f 537//1172 499//1172 498//1172
f 538//1173 536//1173 539//1173
f 539//1174 536//1174 537//1174
f 499//1175 540//1175 498//1175
f 498//1176 540//1176 541//1176
f 542//1177 543//1177 218//1177
f 536//1178 544//1178 543//1178
f 536//1179 542//1179 545//1179
f 536//1180 545//1180 546//1180
f 536//1181 543//1181 542//1181
f 538//1182 547//1182 544//1182
f 538//1183 544//1183 536//1183
f 548//1184 210//1184 547//1184
f 548//1185 547//1185 538//1185
f 499//1186 546//1186 549//1186
f 499//1187 536//1187 546//1187
f 550//1188 210//1188 548//1188
f 551//1189 499//1189 549//1189
f 552//1190 553//1190 499//1190
f 552//1191 499//1191 551//1191
f 554//1192 553//1192 552//1192
f 555//1193 553//1193 554//1193
f 556//1194 553//1194 555//1194
f 557//1195 553//1195 556//1195
f 558//1196 553//1196 557//1196
f 236//1197 559//1197 553//1197
f 236//1198 553//1198 558//1198
f 244//1199 243//1199 559//1199
f 244//1200 559//1200 236//1200
f 245//1201 244//1201 236//1201
f 560//1202 561//1202 562//1202
f 498//1203 563//1203 537//1203
f 564//1204 561//1204 560//1204
f 541//1205 565//1205 563//1205
f 541//1206 563//1206 498//1206
f 566//1207 565//1207 541//1207
f 566//1208 564//1208 560//1208
f 567//1209 564//1209 566//1209
f 568//1210 561//1210 564//1210
f 497//1211 568//1211 567//1211
f 497//1212 567//1212 566//1212
f 497//1213 566//1213 541//1213
f 497//1214 561//1214 568//1214
f 569//1215 538//1215 563//1215
f 563//1216 538//1216 539//1216
f 540//1217 553//1217 541//1217
f 541//1218 553//1218 570//1218
f 348//1219 347//1219 245//1219
f 245//1220 347//1220 244//1220
f 347//1221 243//1221 244//1221
f 347//1222 341//1222 243//1222
f 357//1223 356//1223 236//1223
f 356//1224 245//1224 236//1224
f 571//1225 348//1225 356//1225
f 356//1226 348//1226 245//1226
f 362//1227 572//1227 218//1227
f 218//1228 573//1228 542//1228
f 572//1229 573//1229 218//1229
f 573//1230 574//1230 542//1230
f 574//1231 575//1231 542//1231
f 575//1232 545//1232 542//1232
f 575//1233 576//1233 545//1233
f 576//1234 577//1234 545//1234
f 577//1235 578//1235 545//1235
f 578//1236 546//1236 545//1236
f 578//1237 579//1237 546//1237
f 579//1238 580//1238 546//1238
f 580//1239 581//1239 546//1239
f 581//1240 549//1240 546//1240
f 581//1241 582//1241 549//1241
f 582//1242 583//1242 549//1242
f 583//1243 366//1243 549//1243
f 583//1244 584//1244 366//1244
f 366//1245 551//1245 549//1245
f 366//1246 585//1246 551//1246
f 551//1247 586//1247 552//1247
f 585//1248 586//1248 551//1248
f 552//1249 587//1249 554//1249
f 586//1250 587//1250 552//1250
f 554//1251 588//1251 555//1251
f 587//1252 588//1252 554//1252
f 555//1253 589//1253 556//1253
f 588//1254 589//1254 555//1254
f 556//1255 590//1255 557//1255
f 589//1256 590//1256 556//1256
f 590//1257 591//1257 557//1257
f 557//1258 591//1258 558//1258
f 591//1259 357//1259 558//1259
f 558//1260 357//1260 236//1260
f 355//1261 592//1261 210//1261
f 210//1262 592//1262 547//1262
f 547//1263 593//1263 544//1263
f 592//1264 593//1264 547//1264
f 544//1265 594//1265 543//1265
f 593//1266 594//1266 544//1266
f 543//1267 362//1267 218//1267
f 594//1268 362//1268 543//1268
f 341//1269 595//1269 243//1269
f 341//1270 596//1270 595//1270
f 597//1271 559//1271 595//1271
f 595//1272 559//1272 243//1272
f 597//1273 598//1273 559//1273
f 599//1274 600//1274 597//1274
f 597//1275 600//1275 598//1275
f 598//1276 550//1276 559//1276
f 601//1277 210//1277 550//1277
f 483//1278 355//1278 601//1278
f 601//1279 355//1279 210//1279
f 598//1280 601//1280 550//1280
f 602//1281 550//1281 566//1281
f 550//1282 565//1282 566//1282
f 550//1283 548//1283 565//1283
f 548//1284 569//1284 565//1284
f 565//1285 569//1285 563//1285
f 553//1286 559//1286 570//1286
f 559//1287 497//1287 570//1287
f 559//1288 478//1288 497//1288
f 478//1289 603//1289 497//1289
f 497//1290 603//1290 561//1290
f 604//1291 602//1291 560//1291
f 560//1292 602//1292 566//1292
f 603//1293 605//1293 561//1293
f 561//1294 605//1294 562//1294
f 605//1295 604//1295 562//1295
f 562//1296 604//1296 560//1296
f 606//1297 607//1297 564//1297
f 564//1298 607//1298 568//1298
f 608//1299 606//1299 567//1299
f 567//1300 606//1300 564//1300
f 607//1301 608//1301 568//1301
f 568//1302 608//1302 567//1302
f 341//1303 347//1303 596//1303
f 596//1304 348//1304 412//1304
f 412//1305 348//1305 571//1305
f 347//1306 348//1306 596//1306
f 413//1307 585//1307 366//1307
f 413//1308 586//1308 585//1308
f 413//1309 587//1309 586//1309
f 595//1310 414//1310 597//1310
f 597//1311 414//1311 413//1311
f 591//1312 414//1312 357//1312
f 590//1313 414//1313 591//1313
f 589//1314 414//1314 590//1314
f 588//1315 414//1315 589//1315
f 587//1316 414//1316 588//1316
f 413//1317 414//1317 587//1317
f 414//1318 356//1318 357//1318
f 412//1319 571//1319 356//1319
f 412//1320 356//1320 414//1320
f 594//1321 572//1321 362//1321
f 594//1322 573//1322 572//1322
f 594//1323 574//1323 573//1323
f 593//1324 575//1324 594//1324
f 594//1325 575//1325 574//1325
f 593//1326 576//1326 575//1326
f 355//1327 483//1327 592//1327
f 592//1328 483//1328 593//1328
f 576//1329 483//1329 577//1329
f 593//1330 483//1330 576//1330
f 577//1331 483//1331 421//1331
f 609//1332 580//1332 579//1332
f 610//1333 583//1333 582//1333
f 416//1334 584//1334 426//1334
f 426//1335 584//1335 583//1335
f 610//1336 426//1336 583//1336
f 611//1337 610//1337 582//1337
f 612//1338 611//1338 581//1338
f 609//1339 612//1339 580//1339
f 613//1340 609//1340 579//1340
f 421//1341 613//1341 578//1341
f 578//1342 577//1342 421//1342
f 579//1343 578//1343 613//1343
f 581//1344 580//1344 612//1344
f 582//1345 581//1345 611//1345
f 584//1346 416//1346 413//1346
f 584//1347 413//1347 366//1347
f 596//1348 412//1348 414//1348
f 596//1349 414//1349 595//1349
f 416//1350 599//1350 597//1350
f 416//1351 597//1351 413//1351
f 600//1352 599//1352 417//1352
f 417//1353 599//1353 416//1353
f 600//1354 417//1354 418//1354
f 600//1355 418//1355 598//1355
f 601//1356 413//1356 420//1356
f 420//1357 413//1357 423//1357
f 423//1358 413//1358 424//1358
f 424//1359 413//1359 427//1359
f 601//1360 418//1360 413//1360
f 601//1361 598//1361 418//1361
f 420//1362 483//1362 601//1362
f 421//1363 483//1363 420//1363
f 603//1364 604//1364 605//1364
f 603//1365 606//1365 604//1365
f 606//1366 602//1366 604//1366
f 606//1367 608//1367 602//1367
f 602//1368 559//1368 550//1368
f 608//1369 559//1369 602//1369
f 603//1370 607//1370 606//1370
f 608//1371 607//1371 559//1371
f 603//1372 478//1372 607//1372
f 607//1373 478//1373 559//1373
f 613//1374 421//1374 420//1374
f 423//1375 609//1375 613//1375
f 423//1376 613//1376 420//1376
f 612//1377 609//1377 423//1377
f 611//1378 423//1378 424//1378
f 611//1379 612//1379 423//1379
f 610//1380 611//1380 424//1380
f 427//1381 610//1381 424//1381
f 426//1382 610//1382 427//1382
f 416//1383 426//1383 427//1383
f 416//1384 427//1384 413//1384
f 417//1385 416//1385 413//1385
f 417//1386 413//1386 418//1386
f 522//1387 431//1387 512//1387
f 429//1388 614//1388 615//1388
f 534//1389 431//1389 522//1389
f 616//1390 617//1390 618//1390
f 616//1391 618//1391 614//1391
f 616//1392 614//1392 429//1392
f 521//1393 617//1393 616//1393
f 521//1394 534//1394 522//1394
f 535//1395 534//1395 521//1395
f 533//1396 431//1396 534//1396
f 430//1397 533//1397 535//1397
f 430//1398 521//1398 616//1398
f 430//1399 535//1399 521//1399
f 430//1400 431//1400 533//1400
f 619//1401 620//1401 15//1401
f 615//1402 621//1402 620//1402
f 615//1403 619//1403 622//1403
f 615//1404 622//1404 623//1404
f 615//1405 620//1405 619//1405
f 624//1406 625//1406 621//1406
f 624//1407 621//1407 615//1407
f 618//1408 626//1408 625//1408
f 618//1409 625//1409 624//1409
f 429//1410 623//1410 627//1410
f 429//1411 615//1411 623//1411
f 617//1412 626//1412 618//1412
f 628//1413 429//1413 627//1413
f 629//1414 429//1414 628//1414
f 630//1415 429//1415 629//1415
f 37//1416 631//1416 632//1416
f 432//1417 429//1417 37//1417
f 37//1418 429//1418 631//1418
f 631//1419 429//1419 633//1419
f 633//1420 429//1420 634//1420
f 634//1421 429//1421 630//1421
f 205//1422 2//1422 3//1422
f 616//1423 429//1423 2//1423
f 616//1424 2//1424 205//1424
f 635//1425 616//1425 205//1425
f 635//1426 205//1426 636//1426
f 430//1427 635//1427 636//1427
f 430//1428 636//1428 197//1428
f 532//1429 521//1429 324//1429
f 617//1430 521//1430 532//1430
f 326//1431 532//1431 324//1431
f 193//1432 532//1432 326//1432
f 120//1433 430//1433 197//1433
f 431//1434 430//1434 120//1434
f 521//1435 522//1435 323//1435
f 521//1436 323//1436 324//1436
f 512//1437 431//1437 120//1437
f 512//1438 120//1438 322//1438
f 522//1439 512//1439 322//1439
f 522//1440 322//1440 323//1440
f 533//1441 534//1441 330//1441
f 533//1442 330//1442 332//1442
f 534//1443 535//1443 331//1443
f 534//1444 331//1444 330//1444
f 535//1445 533//1445 332//1445
f 535//1446 332//1446 331//1446
f 13//1447 37//1447 10//1447
f 432//1448 37//1448 13//1448
f 15//1449 14//1449 637//1449
f 619//1450 637//1450 638//1450
f 619//1451 638//1451 639//1451
f 619//1452 639//1452 640//1452
f 619//1453 15//1453 637//1453
f 622//1454 640//1454 641//1454
f 622//1455 641//1455 642//1455
f 622//1456 619//1456 640//1456
f 643//1457 622//1457 642//1457
f 623//1458 643//1458 644//1458
f 623//1459 644//1459 645//1459
f 623//1460 645//1460 646//1460
f 623//1461 622//1461 643//1461
f 627//1462 646//1462 647//1462
f 627//1463 647//1463 648//1463
f 627//1464 623//1464 646//1464
f 1//1465 648//1465 4//1465
f 1//1466 627//1466 648//1466
f 628//1467 1//1467 649//1467
f 628//1468 627//1468 1//1468
f 650//1469 628//1469 649//1469
f 629//1470 628//1470 650//1470
f 651//1471 629//1471 650//1471
f 630//1472 629//1472 651//1472
f 652//1473 630//1473 651//1473
f 634//1474 630//1474 652//1474
f 653//1475 634//1475 652//1475
f 633//1476 634//1476 653//1476
f 654//1477 633//1477 653//1477
f 631//1478 633//1478 654//1478
f 655//1479 631//1479 654//1479
f 632//1480 631//1480 655//1480
f 10//1481 632//1481 655//1481
f 37//1482 632//1482 10//1482
f 625//1483 626//1483 656//1483
f 625//1484 656//1484 657//1484
f 621//1485 657//1485 658//1485
f 621//1486 625//1486 657//1486
f 620//1487 658//1487 659//1487
f 620//1488 621//1488 658//1488
f 15//1489 659//1489 14//1489
f 15//1490 620//1490 659//1490
f 531//1491 617//1491 532//1491
f 656//1492 531//1492 660//1492
f 626//1493 531//1493 656//1493
f 626//1494 617//1494 531//1494
f 429//1495 432//1495 2//1495
f 2//1496 432//1496 13//1496
f 120//1497 323//1497 322//1497
f 327//1498 3//1498 329//1498
f 120//1499 330//1499 323//1499
f 326//1500 205//1500 327//1500
f 327//1501 205//1501 3//1501
f 326//1502 324//1502 205//1502
f 330//1503 324//1503 323//1503
f 330//1504 331//1504 324//1504
f 120//1505 332//1505 330//1505
f 332//1506 197//1506 331//1506
f 331//1507 197//1507 324//1507
f 324//1508 197//1508 205//1508
f 120//1509 197//1509 332//1509
f 531//1510 191//1510 122//1510
f 122//1511 191//1511 123//1511
f 531//1512 192//1512 191//1512
f 531//1513 193//1513 192//1513
f 123//1514 2//1514 124//1514
f 124//1515 2//1515 125//1515
f 191//1516 2//1516 123//1516
f 531//1517 532//1517 193//1517
f 192//1518 193//1518 326//1518
f 192//1519 326//1519 327//1519
f 2//1520 649//1520 1//1520
f 2//1521 650//1521 649//1521
f 2//1522 651//1522 650//1522
f 2//1523 652//1523 651//1523
f 2//1524 653//1524 652//1524
f 654//1525 10//1525 655//1525
f 653//1526 10//1526 654//1526
f 2//1527 10//1527 653//1527
f 2//1528 13//1528 10//1528
f 2//1529 4//1529 3//1529
f 2//1530 1//1530 4//1530
f 659//1531 637//1531 14//1531
f 659//1532 638//1532 637//1532
f 659//1533 639//1533 638//1533
f 658//1534 640//1534 659//1534
f 659//1535 640//1535 639//1535
f 658//1536 641//1536 640//1536
f 656//1537 660//1537 657//1537
f 657//1538 660//1538 658//1538
f 641//1539 660//1539 642//1539
f 658//1540 660//1540 641//1540
f 642//1541 660//1541 43//1541
f 661//1542 645//1542 644//1542
f 662//1543 648//1543 647//1543
f 3//1544 4//1544 46//1544
f 46//1545 4//1545 648//1545
f 662//1546 46//1546 648//1546
f 663//1547 662//1547 647//1547
f 664//1548 663//1548 646//1548
f 661//1549 664//1549 645//1549
f 665//1550 661//1550 644//1550
f 43//1551 665//1551 643//1551
f 643//1552 642//1552 43//1552
f 644//1553 643//1553 665//1553
f 646//1554 645//1554 664//1554
f 647//1555 646//1555 663//1555
f 531//1556 122//1556 660//1556
f 660//1557 122//1557 43//1557
f 2//1558 191//1558 329//1558
f 2//1559 329//1559 3//1559
f 191//1560 192//1560 328//1560
f 191//1561 328//1561 329//1561
f 192//1562 327//1562 328//1562
f 125//1563 2//1563 46//1563
f 46//1564 2//1564 3//1564
f 122//1565 665//1565 43//1565
f 661//1566 123//1566 664//1566
f 665//1567 123//1567 661//1567
f 122//1568 123//1568 665//1568
f 123//1569 663//1569 664//1569
f 123//1570 124//1570 663//1570
f 124//1571 662//1571 663//1571
f 662//1572 125//1572 46//1572
f 124//1573 125//1573 662//1573
f 624//1574 614//1574 192//1574
f 614//1575 624//1575 192//1575
f 666//1576 89//1576 127//1576
f 666//1577 127//1577 128//1577
f 667//1578 666//1578 668//1578
f 667//1579 89//1579 666//1579
f 441//1580 667//1580 436//1580
f 441//1581 436//1581 437//1581
f 83//1582 89//1582 667//1582
f 83//1583 667//1583 441//1583
f 52//1584 441//1584 432//1584
f 52//1585 83//1585 441//1585
f 436//1586 667//1586 203//1586
f 203//1587 667//1587 668//1587
f 666//1588 200//1588 668//1588
f 668//1589 200//1589 203//1589
f 203//1590 200//1590 202//1590
f 200//1591 128//1591 129//1591
f 200//1592 666//1592 128//1592
f 127//1593 126//1593 128//1593
f 128//1594 50//1594 129//1594
f 129//1595 50//1595 51//1595
f 126//1596 50//1596 128//1596
f 83//1597 52//1597 50//1597
f 83//1598 50//1598 126//1598
f 89//1599 126//1599 127//1599
f 89//1600 83//1600 126//1600
f 50//1601 13//1601 51//1601
f 52//1602 432//1602 13//1602
f 52//1603 13//1603 50//1603
f 432//1604 441//1604 13//1604
f 13//1605 441//1605 200//1605
f 441//1606 437//1606 200//1606
f 200//1607 437//1607 202//1607
f 437//1608 436//1608 202//1608
f 202//1609 436//1609 203//1609
f 13//1610 200//1610 51//1610
f 51//1611 200//1611 129//1611
f 438//1612 434//1612 435//1612
f 435//1613 434//1613 206//1613
f 206//1614 434//1614 207//1614
f 434//1615 438//1615 207//1615
f 207//1616 438//1616 208//1616
f 438//1617 435//1617 208//1617
f 208//1618 435//1618 206//1618
f 207//1619 208//1619 206//1619
